id,title,primary_action,priority_tier,evidence_strength,evidence_reason,rationale,next_step,suggested_owner,success_measure,scenario_value_eur,scenario_type,scenario_period,scenario_formula,scenario_assumptions,also_flagged,caveats,source_refs,competitor_examples,product_id,product_name,brand,subcategory,shade_group,supplier,private_label,status,stock_status,seasonality,pack_size,price_eur,channel_revenue_eur_12w,channel_units_12w,channel_margin_pct,channel_trend_12w_pct,market_revenue_eur_12w,market_trend_12w_pct,channel_to_market_ratio_pct,peer_ratio_pct,peer_margin_pct,peer_count,peer_ids,comp_benchmark_price_eur,competitor_rows,shelf_space_cm
sku-HC0070,Check supply for Wella Blondor Light Blonde (HC0070),Fix availability,Now,Snapshot only,"Source fields support a review; a single snapshot does not establish the cause, commercial feasibility or probability of success.","Active and out of stock; market-demand proxy €269,228.58, trend +26.3%. Stock duration and lost sales are unknown.","Confirm physical and online availability, stock-feed accuracy and supplier lead time; replenish if feasible before considering promotion.",Supply planner,"Availability, units sold and gross profit after the supply check.",4536.49,Revenue,12 weeks,"max(0, €269,228.58 x 0.07216658873886855 - €14,892.82) = €4,536.49","[""Benchmark: median channel / market-demand-proxy ratio of 50 other active, in-stock, selling SKUs in this subcategory."", ""Assumes the peer ratio is a relevant comparison; it does not prove stock or promotion caused the distance."", ""Snapshot benchmark distance, not forecast, guaranteed gain or upper bound; stock duration and distribution coverage are unknown."", ""No annualisation, elasticity, promotional cost or cannibalisation is modelled.""]","[""Review margin""]","[""One 12-week aggregate and current status/stock fields; the period end and stock duration are not supplied."", ""Market revenue is a demand proxy, not a verified addressable sales pool.""]","[{""file"": ""sku_performance.csv"", ""record_id"": ""HC0070"", ""row_number"": 71}, {""file"": ""product_metadata.csv"", ""record_id"": ""HC0070"", ""row_number"": 71}, {""file"": ""competitor_market_signals.csv"", ""record_id"": ""CM009"", ""row_number"": 10}, {""file"": ""competitor_market_signals.csv"", ""record_id"": ""CM054"", ""row_number"": 55}, {""file"": ""competitor_market_signals.csv"", ""record_id"": ""CM056"", ""row_number"": 57}, {""file"": ""competitor_market_signals.csv"", ""record_id"": ""CM058"", ""row_number"": 59}]","[{""brand"": ""Crazy Color"", ""name"": ""Crazy Color Permanent Dark Blonde"", ""observed_date"": ""2026-07-01"", ""price_eur"": 29.23, ""record_id"": ""CM009"", ""signal_score_0_100"": 43.7, ""signal_valid"": true, ""source"": ""tiktok_shop_signal"", ""trend_score_12w_pct"": 0.628}, {""brand"": ""Manic Panic"", ""name"": ""Manic Panic Semi-Permanent Light Blonde"", ""observed_date"": ""2026-07-01"", ""price_eur"": 17.43, ""record_id"": ""CM054"", ""signal_score_0_100"": 67.6, ""signal_valid"": true, ""source"": ""amazon.de"", ""trend_score_12w_pct"": 0.387}, {""brand"": ""Revlon"", ""name"": ""Revlon Gloss Dark Blonde"", ""observed_date"": ""2026-07-01"", ""price_eur"": 16.14, ""record_id"": ""CM056"", ""signal_score_0_100"": 103.0, ""signal_valid"": false, ""source"": ""flaconi.de"", ""trend_score_12w_pct"": -0.309}, {""brand"": ""Wella"", ""name"": ""Wella Gloss Honey Blonde"", ""observed_date"": ""2026-07-01"", ""price_eur"": 23.49, ""record_id"": ""CM058"", ""signal_score_0_100"": 12.5, ""signal_valid"": true, ""source"": ""google_trends"", ""trend_score_12w_pct"": 0.236}]",HC0070,Wella Blondor Light Blonde,Wella,Permanent Color,Blonde,SalonPro Distribution,False,aktiv,out_of_stock,Evergreen,60 ml,12.3,14892.82,1172,0.196,0.414,269228.58,0.263,5.531663837472232,7.216658873886855,0.391,50,"[""HC0001"", ""HC0008"", ""HC0011"", ""HC0013"", ""HC0015"", ""HC0017"", ""HC0018"", ""HC0025"", ""HC0028"", ""HC0032"", ""HC0037"", ""HC0040"", ""HC0041"", ""HC0048"", ""HC0049"", ""HC0051"", ""HC0064"", ""HC0083"", ""HC0094"", ""HC0096"", ""HC0099"", ""HC0105"", ""HC0106"", ""HC0110"", ""HC0112"", ""HC0120"", ""HC0123"", ""HC0131"", ""HC0132"", ""HC0142"", ""HC0146"", ""HC0159"", ""HC0167"", ""HC0170"", ""HC0172"", ""HC0176"", ""HC0177"", ""HC0179"", ""HC0182"", ""HC0184"", ""HC0190"", ""HC0191"", ""HC0195"", ""HC0201"", ""HC0206"", ""HC0207"", ""HC0211"", ""HC0212"", ""HC0222"", ""HC0231""]",20.46,4,10.0
sku-HC0006,Check supply for Garnier Olia Copper Glow (HC0006),Fix availability,Now,Snapshot only,"Source fields support a review; a single snapshot does not establish the cause, commercial feasibility or probability of success.","Active and out of stock; market-demand proxy €238,000.00, trend +21.0%. Stock duration and lost sales are unknown.","Confirm physical and online availability, stock-feed accuracy and supplier lead time; replenish if feasible before considering promotion.",Supply planner,"Availability, units sold and gross profit after the supply check.",775.65,Revenue,12 weeks,"max(0, €238,000.00 x 0.07216658873886855 - €16,400.00) = €775.65","[""Benchmark: median channel / market-demand-proxy ratio of 50 other active, in-stock, selling SKUs in this subcategory."", ""Assumes the peer ratio is a relevant comparison; it does not prove stock or promotion caused the distance."", ""Snapshot benchmark distance, not forecast, guaranteed gain or upper bound; stock duration and distribution coverage are unknown."", ""No annualisation, elasticity, promotional cost or cannibalisation is modelled.""]",[],"[""One 12-week aggregate and current status/stock fields; the period end and stock duration are not supplied."", ""Market revenue is a demand proxy, not a verified addressable sales pool.""]","[{""file"": ""sku_performance.csv"", ""record_id"": ""HC0006"", ""row_number"": 7}, {""file"": ""product_metadata.csv"", ""record_id"": ""HC0006"", ""row_number"": 7}, {""file"": ""competitor_market_signals.csv"", ""record_id"": ""CM003"", ""row_number"": 4}, {""file"": ""competitor_market_signals.csv"", ""record_id"": ""CM019"", ""row_number"": 20}, {""file"": ""competitor_market_signals.csv"", ""record_id"": ""CM073"", ""row_number"": 74}]","[{""brand"": ""Garnier"", ""name"": ""Garnier Olia Copper Glow"", ""observed_date"": ""2026-07-01"", ""price_eur"": 7.95, ""record_id"": ""CM003"", ""signal_score_0_100"": 90.2, ""signal_valid"": true, ""source"": ""rossmann.de"", ""trend_score_12w_pct"": 0.33}, {""brand"": ""eSalon"", ""name"": ""eSalon Root Spiced Copper"", ""observed_date"": ""2026-07-01"", ""price_eur"": 17.39, ""record_id"": ""CM019"", ""signal_score_0_100"": 40.3, ""signal_valid"": true, ""source"": ""rossmann.de"", ""trend_score_12w_pct"": 0.531}, {""brand"": ""Kristin Ess"", ""name"": ""Kristin Ess Care Apricot Copper"", ""observed_date"": ""2026-07-01"", ""price_eur"": 12.15, ""record_id"": ""CM073"", ""signal_score_0_100"": 27.2, ""signal_valid"": true, ""source"": ""google_trends"", ""trend_score_12w_pct"": 0.1}]",HC0006,Garnier Olia Copper Glow,Garnier,Permanent Color,Copper,P&G Beauty,False,aktiv,out_of_stock,Evergreen,100 ml,4.77,16400.0,3438,0.486,-0.63,238000.0,0.21,6.890756302521009,7.216658873886855,0.391,50,"[""HC0001"", ""HC0008"", ""HC0011"", ""HC0013"", ""HC0015"", ""HC0017"", ""HC0018"", ""HC0025"", ""HC0028"", ""HC0032"", ""HC0037"", ""HC0040"", ""HC0041"", ""HC0048"", ""HC0049"", ""HC0051"", ""HC0064"", ""HC0083"", ""HC0094"", ""HC0096"", ""HC0099"", ""HC0105"", ""HC0106"", ""HC0110"", ""HC0112"", ""HC0120"", ""HC0123"", ""HC0131"", ""HC0132"", ""HC0142"", ""HC0146"", ""HC0159"", ""HC0167"", ""HC0170"", ""HC0172"", ""HC0176"", ""HC0177"", ""HC0179"", ""HC0182"", ""HC0184"", ""HC0190"", ""HC0191"", ""HC0195"", ""HC0201"", ""HC0206"", ""HC0207"", ""HC0211"", ""HC0212"", ""HC0222"", ""HC0231""]",12.15,3,6.0
sku-HC0053,Check supply for Herbatint Royal Cream Mocha Brown (HC0053),Fix availability,Now,Snapshot only,"Source fields support a review; a single snapshot does not establish the cause, commercial feasibility or probability of success.","Active and out of stock; market-demand proxy €132,930.60, trend +15.6%. Stock duration and lost sales are unknown.","Confirm physical and online availability, stock-feed accuracy and supplier lead time; replenish if feasible before considering promotion.",Supply planner,"Availability, units sold and gross profit after the supply check.",0.0,Revenue,12 weeks,"max(0, €132,930.60 x 0.07216658873886855 - €16,742.67) = €0.00","[""Benchmark: median channel / market-demand-proxy ratio of 50 other active, in-stock, selling SKUs in this subcategory."", ""Assumes the peer ratio is a relevant comparison; it does not prove stock or promotion caused the distance."", ""Snapshot benchmark distance, not forecast, guaranteed gain or upper bound; stock duration and distribution coverage are unknown."", ""No annualisation, elasticity, promotional cost or cannibalisation is modelled.""]","[""Review margin""]","[""One 12-week aggregate and current status/stock fields; the period end and stock duration are not supplied."", ""Market revenue is a demand proxy, not a verified addressable sales pool.""]","[{""file"": ""sku_performance.csv"", ""record_id"": ""HC0053"", ""row_number"": 54}, {""file"": ""product_metadata.csv"", ""record_id"": ""HC0053"", ""row_number"": 54}, {""file"": ""competitor_market_signals.csv"", ""record_id"": ""CM029"", ""row_number"": 30}]","[{""brand"": ""Crazy Color"", ""name"": ""Crazy Color Gloss Mocha Brown"", ""observed_date"": ""2026-07-01"", ""price_eur"": 7.17, ""record_id"": ""CM029"", ""signal_score_0_100"": 15.1, ""signal_valid"": true, ""source"": ""tiktok_shop_signal"", ""trend_score_12w_pct"": 0.234}]",HC0053,Herbatint Royal Cream Mocha Brown,Herbatint,Permanent Color,Dark Brown,SalonPro Distribution,False,aktiv,out_of_stock,Evergreen,150 ml,7.3,16742.67,2154,0.241,0.309,132930.6,0.156,12.595045835947477,7.216658873886855,0.391,50,"[""HC0001"", ""HC0008"", ""HC0011"", ""HC0013"", ""HC0015"", ""HC0017"", ""HC0018"", ""HC0025"", ""HC0028"", ""HC0032"", ""HC0037"", ""HC0040"", ""HC0041"", ""HC0048"", ""HC0049"", ""HC0051"", ""HC0064"", ""HC0083"", ""HC0094"", ""HC0096"", ""HC0099"", ""HC0105"", ""HC0106"", ""HC0110"", ""HC0112"", ""HC0120"", ""HC0123"", ""HC0131"", ""HC0132"", ""HC0142"", ""HC0146"", ""HC0159"", ""HC0167"", ""HC0170"", ""HC0172"", ""HC0176"", ""HC0177"", ""HC0179"", ""HC0182"", ""HC0184"", ""HC0190"", ""HC0191"", ""HC0195"", ""HC0201"", ""HC0206"", ""HC0207"", ""HC0211"", ""HC0212"", ""HC0222"", ""HC0231""]",7.17,1,6.0
sku-HC0043,Check supply for Manic Panic High Voltage Blue Black (HC0043),Fix availability,Now,Snapshot only,"Source fields support a review; a single snapshot does not establish the cause, commercial feasibility or probability of success.","Active and out of stock; market-demand proxy €109,929.08, trend +0.6%. Stock duration and lost sales are unknown.","Confirm physical and online availability, stock-feed accuracy and supplier lead time; replenish if feasible before considering promotion.",Supply planner,"Availability, units sold and gross profit after the supply check.",602.41,Revenue,12 weeks,"max(0, €109,929.08 x 0.07216658873886855 - €7,330.80) = €602.41","[""Benchmark: median channel / market-demand-proxy ratio of 50 other active, in-stock, selling SKUs in this subcategory."", ""Assumes the peer ratio is a relevant comparison; it does not prove stock or promotion caused the distance."", ""Snapshot benchmark distance, not forecast, guaranteed gain or upper bound; stock duration and distribution coverage are unknown."", ""No annualisation, elasticity, promotional cost or cannibalisation is modelled.""]","[""Review margin""]","[""One 12-week aggregate and current status/stock fields; the period end and stock duration are not supplied."", ""Market revenue is a demand proxy, not a verified addressable sales pool.""]","[{""file"": ""sku_performance.csv"", ""record_id"": ""HC0043"", ""row_number"": 44}, {""file"": ""product_metadata.csv"", ""record_id"": ""HC0043"", ""row_number"": 44}, {""file"": ""competitor_market_signals.csv"", ""record_id"": ""CM043"", ""row_number"": 44}]","[{""brand"": ""Herbatint"", ""name"": ""Herbatint Semi-Permanent Soft Black"", ""observed_date"": ""2026-07-01"", ""price_eur"": 19.9, ""record_id"": ""CM043"", ""signal_score_0_100"": 89.2, ""signal_valid"": true, ""source"": ""flaconi.de"", ""trend_score_12w_pct"": -0.152}]",HC0043,Manic Panic High Voltage Blue Black,Manic Panic,Permanent Color,Black,Henkel Beauty Care,False,aktiv,out_of_stock,Evergreen,1 kit,5.9,7330.8,1123,0.22,0.039,109929.08,0.006,6.668663105340279,7.216658873886855,0.391,50,"[""HC0001"", ""HC0008"", ""HC0011"", ""HC0013"", ""HC0015"", ""HC0017"", ""HC0018"", ""HC0025"", ""HC0028"", ""HC0032"", ""HC0037"", ""HC0040"", ""HC0041"", ""HC0048"", ""HC0049"", ""HC0051"", ""HC0064"", ""HC0083"", ""HC0094"", ""HC0096"", ""HC0099"", ""HC0105"", ""HC0106"", ""HC0110"", ""HC0112"", ""HC0120"", ""HC0123"", ""HC0131"", ""HC0132"", ""HC0142"", ""HC0146"", ""HC0159"", ""HC0167"", ""HC0170"", ""HC0172"", ""HC0176"", ""HC0177"", ""HC0179"", ""HC0182"", ""HC0184"", ""HC0190"", ""HC0191"", ""HC0195"", ""HC0201"", ""HC0206"", ""HC0207"", ""HC0211"", ""HC0212"", ""HC0222"", ""HC0231""]",19.9,1,10.0
sku-HC0229,Check supply for John Frieda Defy Grey Icy Plum (HC0229),Fix availability,Now,Snapshot only,"Source fields support a review; a single snapshot does not establish the cause, commercial feasibility or probability of success.","Active and out of stock; market-demand proxy €49,019.36, trend +47.0%. Stock duration and lost sales are unknown.","Confirm physical and online availability, stock-feed accuracy and supplier lead time; replenish if feasible before considering promotion.",Supply planner,"Availability, units sold and gross profit after the supply check.",150.42,Revenue,12 weeks,"max(0, €49,019.36 x 0.05143053591957583 - €2,370.67) = €150.42","[""Benchmark: median channel / market-demand-proxy ratio of 11 other active, in-stock, selling SKUs in this subcategory."", ""Assumes the peer ratio is a relevant comparison; it does not prove stock or promotion caused the distance."", ""Snapshot benchmark distance, not forecast, guaranteed gain or upper bound; stock duration and distribution coverage are unknown."", ""No annualisation, elasticity, promotional cost or cannibalisation is modelled.""]",[],"[""One 12-week aggregate and current status/stock fields; the period end and stock duration are not supplied."", ""Market revenue is a demand proxy, not a verified addressable sales pool."", ""Winter item: verify the selling calendar before promotion, reactivation or clearance; the performance-window end is unknown.""]","[{""file"": ""sku_performance.csv"", ""record_id"": ""HC0229"", ""row_number"": 230}, {""file"": ""product_metadata.csv"", ""record_id"": ""HC0229"", ""row_number"": 230}, {""file"": ""competitor_market_signals.csv"", ""record_id"": ""CM041"", ""row_number"": 42}]","[{""brand"": ""Goldwell"", ""name"": ""Goldwell Root Frosted Chestnut"", ""observed_date"": ""2026-07-01"", ""price_eur"": 16.43, ""record_id"": ""CM041"", ""signal_score_0_100"": 18.0, ""signal_valid"": true, ""source"": ""rossmann.de"", ""trend_score_12w_pct"": 0.337}]",HC0229,John Frieda Defy Grey Icy Plum,John Frieda,Toner / Gloss,Winter,SalonPro Distribution,False,aktiv,out_of_stock,Winter,200 ml,6.65,2370.67,374,0.302,0.493,49019.36,0.47,4.836191251782969,5.1430535919575835,0.412,11,"[""HC0045"", ""HC0050"", ""HC0066"", ""HC0097"", ""HC0121"", ""HC0153"", ""HC0158"", ""HC0163"", ""HC0185"", ""HC0226"", ""HC0233""]",16.43,1,8.0
sku-HC0111,Check supply for dpHUE Root Touch-Up Kit Electric Blue (HC0111),Fix availability,Now,Snapshot only,"Source fields support a review; a single snapshot does not establish the cause, commercial feasibility or probability of success.","Active and out of stock; market-demand proxy €34,818.64, trend +21.3%. Stock duration and lost sales are unknown.","Confirm physical and online availability, stock-feed accuracy and supplier lead time; replenish if feasible before considering promotion.",Supply planner,"Availability, units sold and gross profit after the supply check.",601.37,Revenue,12 weeks,"max(0, €34,818.64 x 0.04158778905071245 - €846.66) = €601.37","[""Benchmark: median channel / market-demand-proxy ratio of 8 other active, in-stock, selling SKUs in this subcategory."", ""Assumes the peer ratio is a relevant comparison; it does not prove stock or promotion caused the distance."", ""Snapshot benchmark distance, not forecast, guaranteed gain or upper bound; stock duration and distribution coverage are unknown."", ""No annualisation, elasticity, promotional cost or cannibalisation is modelled.""]",[],"[""One 12-week aggregate and current status/stock fields; the period end and stock duration are not supplied."", ""Market revenue is a demand proxy, not a verified addressable sales pool.""]","[{""file"": ""sku_performance.csv"", ""record_id"": ""HC0111"", ""row_number"": 112}, {""file"": ""product_metadata.csv"", ""record_id"": ""HC0111"", ""row_number"": 112}]",[],HC0111,dpHUE Root Touch-Up Kit Electric Blue,dpHUE,Bleach / Lightener,Vivid,Indie Color Imports,False,aktiv,out_of_stock,Evergreen,2 x 1 kit,24.16,846.66,39,0.43,0.387,34818.64,0.213,2.4316285759581646,4.1587789050712445,0.46599999999999997,8,"[""HC0031"", ""HC0058"", ""HC0082"", ""HC0129"", ""HC0136"", ""HC0160"", ""HC0162"", ""HC0175""]",,0,5.0
sku-HC0135,Check supply for Directions Colour Kit Light Golden Brown (HC0135),Fix availability,Now,Snapshot only,"Source fields support a review; a single snapshot does not establish the cause, commercial feasibility or probability of success.","Active and out of stock; market-demand proxy €23,935.84, trend +51.5%. Stock duration and lost sales are unknown.","Confirm physical and online availability, stock-feed accuracy and supplier lead time; replenish if feasible before considering promotion.",Supply planner,"Availability, units sold and gross profit after the supply check.",1538.07,Revenue,12 weeks,"max(0, €23,935.84 x 0.07216658873886855 - €189.30) = €1,538.07","[""Benchmark: median channel / market-demand-proxy ratio of 50 other active, in-stock, selling SKUs in this subcategory."", ""Assumes the peer ratio is a relevant comparison; it does not prove stock or promotion caused the distance."", ""Snapshot benchmark distance, not forecast, guaranteed gain or upper bound; stock duration and distribution coverage are unknown."", ""No annualisation, elasticity, promotional cost or cannibalisation is modelled.""]",[],"[""One 12-week aggregate and current status/stock fields; the period end and stock duration are not supplied."", ""Market revenue is a demand proxy, not a verified addressable sales pool.""]","[{""file"": ""sku_performance.csv"", ""record_id"": ""HC0135"", ""row_number"": 136}, {""file"": ""product_metadata.csv"", ""record_id"": ""HC0135"", ""row_number"": 136}]",[],HC0135,Directions Colour Kit Light Golden Brown,Directions,Permanent Color,Light Brown,Beauty Direct EU,False,aktiv,out_of_stock,Evergreen,150 ml,16.1,189.3,13,0.349,0.538,23935.84,0.515,0.7908642437449449,7.216658873886855,0.391,50,"[""HC0001"", ""HC0008"", ""HC0011"", ""HC0013"", ""HC0015"", ""HC0017"", ""HC0018"", ""HC0025"", ""HC0028"", ""HC0032"", ""HC0037"", ""HC0040"", ""HC0041"", ""HC0048"", ""HC0049"", ""HC0051"", ""HC0064"", ""HC0083"", ""HC0094"", ""HC0096"", ""HC0099"", ""HC0105"", ""HC0106"", ""HC0110"", ""HC0112"", ""HC0120"", ""HC0123"", ""HC0131"", ""HC0132"", ""HC0142"", ""HC0146"", ""HC0159"", ""HC0167"", ""HC0170"", ""HC0172"", ""HC0176"", ""HC0177"", ""HC0179"", ""HC0182"", ""HC0184"", ""HC0190"", ""HC0191"", ""HC0195"", ""HC0201"", ""HC0206"", ""HC0207"", ""HC0211"", ""HC0212"", ""HC0222"", ""HC0231""]",,0,5.0
sku-HC0119,Check supply for dpHUE Gloss+ Mocha Brown (HC0119),Fix availability,Now,Snapshot only,"Source fields support a review; a single snapshot does not establish the cause, commercial feasibility or probability of success.","Active and out of stock; market-demand proxy €23,358.69, trend +52.7%. Stock duration and lost sales are unknown.","Confirm physical and online availability, stock-feed accuracy and supplier lead time; replenish if feasible before considering promotion.",Supply planner,"Availability, units sold and gross profit after the supply check.",0.0,Revenue,12 weeks,"max(0, €23,358.69 x 0.05440241102241644 - €2,434.79) = €0.00","[""Benchmark: median channel / market-demand-proxy ratio of 26 other active, in-stock, selling SKUs in this subcategory."", ""Assumes the peer ratio is a relevant comparison; it does not prove stock or promotion caused the distance."", ""Snapshot benchmark distance, not forecast, guaranteed gain or upper bound; stock duration and distribution coverage are unknown."", ""No annualisation, elasticity, promotional cost or cannibalisation is modelled.""]",[],"[""One 12-week aggregate and current status/stock fields; the period end and stock duration are not supplied."", ""Market revenue is a demand proxy, not a verified addressable sales pool.""]","[{""file"": ""sku_performance.csv"", ""record_id"": ""HC0119"", ""row_number"": 120}, {""file"": ""product_metadata.csv"", ""record_id"": ""HC0119"", ""row_number"": 120}, {""file"": ""competitor_market_signals.csv"", ""record_id"": ""CM011"", ""row_number"": 12}]","[{""brand"": ""Kérastase Chroma Absolu"", ""name"": ""Kérastase Chroma Absolu Permanent Chocolate Brown"", ""observed_date"": ""2026-07-01"", ""price_eur"": 29.78, ""record_id"": ""CM011"", ""signal_score_0_100"": 56.6, ""signal_valid"": true, ""source"": ""google_trends"", ""trend_score_12w_pct"": -0.106}]",HC0119,dpHUE Gloss+ Mocha Brown,dpHUE,Root Touch-Up,Dark Brown,P&G Beauty,False,aktiv,out_of_stock,Evergreen,200 ml,25.7,2434.79,97,0.252,0.354,23358.69,0.527,10.423486933556635,5.440241102241644,0.361,26,"[""HC0005"", ""HC0020"", ""HC0042"", ""HC0046"", ""HC0052"", ""HC0056"", ""HC0071"", ""HC0075"", ""HC0076"", ""HC0084"", ""HC0086"", ""HC0090"", ""HC0145"", ""HC0148"", ""HC0155"", ""HC0156"", ""HC0157"", ""HC0161"", ""HC0174"", ""HC0178"", ""HC0181"", ""HC0189"", ""HC0203"", ""HC0204"", ""HC0213"", ""HC0217""]",29.78,1,12.0
sku-HC0165,Check supply for Madison Reed Radiant Hair Color Pearl Blonde (HC0165),Fix availability,Now,Snapshot only,"Source fields support a review; a single snapshot does not establish the cause, commercial feasibility or probability of success.","Active and out of stock; market-demand proxy €17,403.48, trend +47.0%. Stock duration and lost sales are unknown.","Confirm physical and online availability, stock-feed accuracy and supplier lead time; replenish if feasible before considering promotion.",Supply planner,"Availability, units sold and gross profit after the supply check.",456.64,Revenue,12 weeks,"max(0, €17,403.48 x 0.05143053591957583 - €438.43) = €456.64","[""Benchmark: median channel / market-demand-proxy ratio of 11 other active, in-stock, selling SKUs in this subcategory."", ""Assumes the peer ratio is a relevant comparison; it does not prove stock or promotion caused the distance."", ""Snapshot benchmark distance, not forecast, guaranteed gain or upper bound; stock duration and distribution coverage are unknown."", ""No annualisation, elasticity, promotional cost or cannibalisation is modelled.""]",[],"[""One 12-week aggregate and current status/stock fields; the period end and stock duration are not supplied."", ""Market revenue is a demand proxy, not a verified addressable sales pool.""]","[{""file"": ""sku_performance.csv"", ""record_id"": ""HC0165"", ""row_number"": 166}, {""file"": ""product_metadata.csv"", ""record_id"": ""HC0165"", ""row_number"": 166}, {""file"": ""competitor_market_signals.csv"", ""record_id"": ""CM002"", ""row_number"": 3}]","[{""brand"": ""Wella"", ""name"": ""Wella Shinefinity Pearl Blonde Gloss"", ""observed_date"": ""2026-07-01"", ""price_eur"": 14.49, ""record_id"": ""CM002"", ""signal_score_0_100"": 93.5, ""signal_valid"": true, ""source"": ""flaconi.de"", ""trend_score_12w_pct"": 0.44}]",HC0165,Madison Reed Radiant Hair Color Pearl Blonde,Madison Reed,Toner / Gloss,Ash Blonde,Coty DACH,False,aktiv,out_of_stock,Evergreen,100 ml,32.14,438.43,13,0.566,0.417,17403.48,0.47,2.5192088019177774,5.1430535919575835,0.412,11,"[""HC0045"", ""HC0050"", ""HC0066"", ""HC0097"", ""HC0121"", ""HC0153"", ""HC0158"", ""HC0163"", ""HC0185"", ""HC0226"", ""HC0233""]",14.49,1,6.0
sku-HC0143,Check supply for Crazy Color Platinum Toner Mocha Brown (HC0143),Fix availability,Now,Snapshot only,"Source fields support a review; a single snapshot does not establish the cause, commercial feasibility or probability of success.","Active and low stock; market-demand proxy €761,015.38, trend +39.2%. Stock duration and lost sales are unknown.","Confirm physical and online availability, stock-feed accuracy and supplier lead time; replenish if feasible before considering promotion.",Supply planner,"Availability, units sold and gross profit after the supply check.",22603.5,Revenue,12 weeks,"max(0, €761,015.38 x 0.07216658873886855 - €32,316.38) = €22,603.50","[""Benchmark: median channel / market-demand-proxy ratio of 50 other active, in-stock, selling SKUs in this subcategory."", ""Assumes the peer ratio is a relevant comparison; it does not prove stock or promotion caused the distance."", ""Snapshot benchmark distance, not forecast, guaranteed gain or upper bound; stock duration and distribution coverage are unknown."", ""No annualisation, elasticity, promotional cost or cannibalisation is modelled.""]",[],"[""One 12-week aggregate and current status/stock fields; the period end and stock duration are not supplied."", ""Market revenue is a demand proxy, not a verified addressable sales pool.""]","[{""file"": ""sku_performance.csv"", ""record_id"": ""HC0143"", ""row_number"": 144}, {""file"": ""product_metadata.csv"", ""record_id"": ""HC0143"", ""row_number"": 144}, {""file"": ""competitor_market_signals.csv"", ""record_id"": ""CM029"", ""row_number"": 30}]","[{""brand"": ""Crazy Color"", ""name"": ""Crazy Color Gloss Mocha Brown"", ""observed_date"": ""2026-07-01"", ""price_eur"": 7.17, ""record_id"": ""CM029"", ""signal_score_0_100"": 15.1, ""signal_valid"": true, ""source"": ""tiktok_shop_signal"", ""trend_score_12w_pct"": 0.234}]",HC0143,Crazy Color Platinum Toner Mocha Brown,Crazy Color,Permanent Color,Dark Brown,SalonPro Distribution,False,aktiv,low_stock,Evergreen,1 kit,11.32,32316.38,3080,0.269,0.421,761015.38,0.392,4.246481851654562,7.216658873886855,0.391,50,"[""HC0001"", ""HC0008"", ""HC0011"", ""HC0013"", ""HC0015"", ""HC0017"", ""HC0018"", ""HC0025"", ""HC0028"", ""HC0032"", ""HC0037"", ""HC0040"", ""HC0041"", ""HC0048"", ""HC0049"", ""HC0051"", ""HC0064"", ""HC0083"", ""HC0094"", ""HC0096"", ""HC0099"", ""HC0105"", ""HC0106"", ""HC0110"", ""HC0112"", ""HC0120"", ""HC0123"", ""HC0131"", ""HC0132"", ""HC0142"", ""HC0146"", ""HC0159"", ""HC0167"", ""HC0170"", ""HC0172"", ""HC0176"", ""HC0177"", ""HC0179"", ""HC0182"", ""HC0184"", ""HC0190"", ""HC0191"", ""HC0195"", ""HC0201"", ""HC0206"", ""HC0207"", ""HC0211"", ""HC0212"", ""HC0222"", ""HC0231""]",7.17,1,6.0
sku-HC0004,Check supply for Wella Color Fresh Pearl Blonde Gloss (HC0004),Fix availability,Now,Snapshot only,"Source fields support a review; a single snapshot does not establish the cause, commercial feasibility or probability of success.","Active and low stock; market-demand proxy €134,000.00, trend +42.0%. Stock duration and lost sales are unknown.","Confirm physical and online availability, stock-feed accuracy and supplier lead time; replenish if feasible before considering promotion.",Supply planner,"Availability, units sold and gross profit after the supply check.",6671.69,Revenue,12 weeks,"max(0, €134,000.00 x 0.05143053591957583 - €220.00) = €6,671.69","[""Benchmark: median channel / market-demand-proxy ratio of 11 other active, in-stock, selling SKUs in this subcategory."", ""Assumes the peer ratio is a relevant comparison; it does not prove stock or promotion caused the distance."", ""Snapshot benchmark distance, not forecast, guaranteed gain or upper bound; stock duration and distribution coverage are unknown."", ""No annualisation, elasticity, promotional cost or cannibalisation is modelled.""]",[],"[""One 12-week aggregate and current status/stock fields; the period end and stock duration are not supplied."", ""Market revenue is a demand proxy, not a verified addressable sales pool.""]","[{""file"": ""sku_performance.csv"", ""record_id"": ""HC0004"", ""row_number"": 5}, {""file"": ""product_metadata.csv"", ""record_id"": ""HC0004"", ""row_number"": 5}, {""file"": ""competitor_market_signals.csv"", ""record_id"": ""CM002"", ""row_number"": 3}]","[{""brand"": ""Wella"", ""name"": ""Wella Shinefinity Pearl Blonde Gloss"", ""observed_date"": ""2026-07-01"", ""price_eur"": 14.49, ""record_id"": ""CM002"", ""signal_score_0_100"": 93.5, ""signal_valid"": true, ""source"": ""flaconi.de"", ""trend_score_12w_pct"": 0.44}]",HC0004,Wella Color Fresh Pearl Blonde Gloss,Wella,Toner / Gloss,Ash Blonde,Henkel Beauty Care,False,aktiv,low_stock,Evergreen,200 ml,14.49,220.0,18,0.325,0.547,134000.0,0.42,0.16417910447761194,5.1430535919575835,0.412,11,"[""HC0045"", ""HC0050"", ""HC0066"", ""HC0097"", ""HC0121"", ""HC0153"", ""HC0158"", ""HC0163"", ""HC0185"", ""HC0226"", ""HC0233""]",14.49,1,12.0
sku-HC0089,Check supply for Manic Panic High Voltage Caramel Brown (HC0089),Fix availability,Now,Snapshot only,"Source fields support a review; a single snapshot does not establish the cause, commercial feasibility or probability of success.","Active and low stock; market-demand proxy €433,515.65, trend +34.9%. Stock duration and lost sales are unknown.","Confirm physical and online availability, stock-feed accuracy and supplier lead time; replenish if feasible before considering promotion.",Supply planner,"Availability, units sold and gross profit after the supply check.",5528.78,Revenue,12 weeks,"max(0, €433,515.65 x 0.05440241102241644 - €18,055.52) = €5,528.78","[""Benchmark: median channel / market-demand-proxy ratio of 26 other active, in-stock, selling SKUs in this subcategory."", ""Assumes the peer ratio is a relevant comparison; it does not prove stock or promotion caused the distance."", ""Snapshot benchmark distance, not forecast, guaranteed gain or upper bound; stock duration and distribution coverage are unknown."", ""No annualisation, elasticity, promotional cost or cannibalisation is modelled.""]","[""Review margin""]","[""One 12-week aggregate and current status/stock fields; the period end and stock duration are not supplied."", ""Market revenue is a demand proxy, not a verified addressable sales pool.""]","[{""file"": ""sku_performance.csv"", ""record_id"": ""HC0089"", ""row_number"": 90}, {""file"": ""product_metadata.csv"", ""record_id"": ""HC0089"", ""row_number"": 90}, {""file"": ""competitor_market_signals.csv"", ""record_id"": ""CM070"", ""row_number"": 71}]","[{""brand"": ""Directions"", ""name"": ""Directions Care Chestnut Brown"", ""observed_date"": ""2026-07-01"", ""price_eur"": 25.87, ""record_id"": ""CM070"", ""signal_score_0_100"": 47.1, ""signal_valid"": true, ""source"": ""douglas.de"", ""trend_score_12w_pct"": -0.302}]",HC0089,Manic Panic High Voltage Caramel Brown,Manic Panic,Root Touch-Up,Medium Brown,SalonPro Distribution,False,aktiv,low_stock,Evergreen,2 x 1 kit,8.85,18055.52,1829,0.261,0.197,433515.65,0.349,4.164906157367099,5.440241102241644,0.361,26,"[""HC0005"", ""HC0020"", ""HC0042"", ""HC0046"", ""HC0052"", ""HC0056"", ""HC0071"", ""HC0075"", ""HC0076"", ""HC0084"", ""HC0086"", ""HC0090"", ""HC0145"", ""HC0148"", ""HC0155"", ""HC0156"", ""HC0157"", ""HC0161"", ""HC0174"", ""HC0178"", ""HC0181"", ""HC0189"", ""HC0203"", ""HC0204"", ""HC0213"", ""HC0217""]",25.87,1,12.0
sku-HC0029,Check supply for ZenBeauty Private Label Color Studio Frosted Chestnut (HC0029),Fix availability,Now,Snapshot only,"Source fields support a review; a single snapshot does not establish the cause, commercial feasibility or probability of success.","Active and low stock; market-demand proxy €197,544.64, trend +18.9%. Stock duration and lost sales are unknown.","Confirm physical and online availability, stock-feed accuracy and supplier lead time; replenish if feasible before considering promotion.",Supply planner,"Availability, units sold and gross profit after the supply check.",5508.59,Revenue,12 weeks,"max(0, €197,544.64 x 0.07216658873886855 - €8,747.53) = €5,508.59","[""Benchmark: median channel / market-demand-proxy ratio of 50 other active, in-stock, selling SKUs in this subcategory."", ""Assumes the peer ratio is a relevant comparison; it does not prove stock or promotion caused the distance."", ""Snapshot benchmark distance, not forecast, guaranteed gain or upper bound; stock duration and distribution coverage are unknown."", ""No annualisation, elasticity, promotional cost or cannibalisation is modelled.""]",[],"[""One 12-week aggregate and current status/stock fields; the period end and stock duration are not supplied."", ""Market revenue is a demand proxy, not a verified addressable sales pool."", ""Winter item: verify the selling calendar before promotion, reactivation or clearance; the performance-window end is unknown.""]","[{""file"": ""sku_performance.csv"", ""record_id"": ""HC0029"", ""row_number"": 30}, {""file"": ""product_metadata.csv"", ""record_id"": ""HC0029"", ""row_number"": 30}, {""file"": ""competitor_market_signals.csv"", ""record_id"": ""CM065"", ""row_number"": 66}]","[{""brand"": ""John Frieda"", ""name"": ""John Frieda Permanent Frosted Chestnut"", ""observed_date"": ""2026-07-01"", ""price_eur"": 20.82, ""record_id"": ""CM065"", ""signal_score_0_100"": 8.6, ""signal_valid"": true, ""source"": ""dm.de"", ""trend_score_12w_pct"": -0.051}]",HC0029,ZenBeauty Private Label Color Studio Frosted Chestnut,ZenBeauty Private Label,Permanent Color,Winter,Own Brand Sourcing GmbH,True,aktiv,low_stock,Winter,150 ml,6.38,8747.53,1206,0.528,0.146,197544.64,0.189,4.428128244836206,7.216658873886855,0.391,50,"[""HC0001"", ""HC0008"", ""HC0011"", ""HC0013"", ""HC0015"", ""HC0017"", ""HC0018"", ""HC0025"", ""HC0028"", ""HC0032"", ""HC0037"", ""HC0040"", ""HC0041"", ""HC0048"", ""HC0049"", ""HC0051"", ""HC0064"", ""HC0083"", ""HC0094"", ""HC0096"", ""HC0099"", ""HC0105"", ""HC0106"", ""HC0110"", ""HC0112"", ""HC0120"", ""HC0123"", ""HC0131"", ""HC0132"", ""HC0142"", ""HC0146"", ""HC0159"", ""HC0167"", ""HC0170"", ""HC0172"", ""HC0176"", ""HC0177"", ""HC0179"", ""HC0182"", ""HC0184"", ""HC0190"", ""HC0191"", ""HC0195"", ""HC0201"", ""HC0206"", ""HC0207"", ""HC0211"", ""HC0212"", ""HC0222"", ""HC0231""]",20.82,1,5.0
sku-HC0216,Check supply for Herbatint Vegetal Color Pearl Blonde (HC0216),Fix availability,Now,Snapshot only,"Source fields support a review; a single snapshot does not establish the cause, commercial feasibility or probability of success.","Active and low stock; market-demand proxy €82,945.82, trend +46.4%. Stock duration and lost sales are unknown.","Confirm physical and online availability, stock-feed accuracy and supplier lead time; replenish if feasible before considering promotion.",Supply planner,"Availability, units sold and gross profit after the supply check.",2031.47,Revenue,12 weeks,"max(0, €82,945.82 x 0.07216658873886855 - €3,954.45) = €2,031.47","[""Benchmark: median channel / market-demand-proxy ratio of 50 other active, in-stock, selling SKUs in this subcategory."", ""Assumes the peer ratio is a relevant comparison; it does not prove stock or promotion caused the distance."", ""Snapshot benchmark distance, not forecast, guaranteed gain or upper bound; stock duration and distribution coverage are unknown."", ""No annualisation, elasticity, promotional cost or cannibalisation is modelled.""]",[],"[""One 12-week aggregate and current status/stock fields; the period end and stock duration are not supplied."", ""Market revenue is a demand proxy, not a verified addressable sales pool.""]","[{""file"": ""sku_performance.csv"", ""record_id"": ""HC0216"", ""row_number"": 217}, {""file"": ""product_metadata.csv"", ""record_id"": ""HC0216"", ""row_number"": 217}, {""file"": ""competitor_market_signals.csv"", ""record_id"": ""CM053"", ""row_number"": 54}]","[{""brand"": ""Clairol"", ""name"": ""Clairol Color Cool Ash Blonde"", ""observed_date"": ""2026-07-01"", ""price_eur"": 16.97, ""record_id"": ""CM053"", ""signal_score_0_100"": 11.2, ""signal_valid"": true, ""source"": ""google_trends"", ""trend_score_12w_pct"": 0.011}]",HC0216,Herbatint Vegetal Color Pearl Blonde,Herbatint,Permanent Color,Ash Blonde,Henkel Beauty Care,False,aktiv,low_stock,Evergreen,150 ml,13.19,3954.45,270,0.195,0.404,82945.82,0.464,4.7675096828266925,7.216658873886855,0.391,50,"[""HC0001"", ""HC0008"", ""HC0011"", ""HC0013"", ""HC0015"", ""HC0017"", ""HC0018"", ""HC0025"", ""HC0028"", ""HC0032"", ""HC0037"", ""HC0040"", ""HC0041"", ""HC0048"", ""HC0049"", ""HC0051"", ""HC0064"", ""HC0083"", ""HC0094"", ""HC0096"", ""HC0099"", ""HC0105"", ""HC0106"", ""HC0110"", ""HC0112"", ""HC0120"", ""HC0123"", ""HC0131"", ""HC0132"", ""HC0142"", ""HC0146"", ""HC0159"", ""HC0167"", ""HC0170"", ""HC0172"", ""HC0176"", ""HC0177"", ""HC0179"", ""HC0182"", ""HC0184"", ""HC0190"", ""HC0191"", ""HC0195"", ""HC0201"", ""HC0206"", ""HC0207"", ""HC0211"", ""HC0212"", ""HC0222"", ""HC0231""]",16.97,1,4.0
sku-HC0188,Check supply for Wella Color Fresh Light Golden Brown (HC0188),Fix availability,Now,Snapshot only,"Source fields support a review; a single snapshot does not establish the cause, commercial feasibility or probability of success.","Active and low stock; market-demand proxy €18,876.69, trend +4.3%. Stock duration and lost sales are unknown.","Confirm physical and online availability, stock-feed accuracy and supplier lead time; replenish if feasible before considering promotion.",Supply planner,"Availability, units sold and gross profit after the supply check.",1296.66,Revenue,12 weeks,"max(0, €18,876.69 x 0.07216658873886855 - €65.61) = €1,296.66","[""Benchmark: median channel / market-demand-proxy ratio of 50 other active, in-stock, selling SKUs in this subcategory."", ""Assumes the peer ratio is a relevant comparison; it does not prove stock or promotion caused the distance."", ""Snapshot benchmark distance, not forecast, guaranteed gain or upper bound; stock duration and distribution coverage are unknown."", ""No annualisation, elasticity, promotional cost or cannibalisation is modelled.""]",[],"[""One 12-week aggregate and current status/stock fields; the period end and stock duration are not supplied."", ""Market revenue is a demand proxy, not a verified addressable sales pool.""]","[{""file"": ""sku_performance.csv"", ""record_id"": ""HC0188"", ""row_number"": 189}, {""file"": ""product_metadata.csv"", ""record_id"": ""HC0188"", ""row_number"": 189}]",[],HC0188,Wella Color Fresh Light Golden Brown,Wella,Permanent Color,Light Brown,Indie Color Imports,False,aktiv,low_stock,Evergreen,100 ml,11.36,65.61,5,0.294,0.176,18876.69,0.043,0.34757152869491426,7.216658873886855,0.391,50,"[""HC0001"", ""HC0008"", ""HC0011"", ""HC0013"", ""HC0015"", ""HC0017"", ""HC0018"", ""HC0025"", ""HC0028"", ""HC0032"", ""HC0037"", ""HC0040"", ""HC0041"", ""HC0048"", ""HC0049"", ""HC0051"", ""HC0064"", ""HC0083"", ""HC0094"", ""HC0096"", ""HC0099"", ""HC0105"", ""HC0106"", ""HC0110"", ""HC0112"", ""HC0120"", ""HC0123"", ""HC0131"", ""HC0132"", ""HC0142"", ""HC0146"", ""HC0159"", ""HC0167"", ""HC0170"", ""HC0172"", ""HC0176"", ""HC0177"", ""HC0179"", ""HC0182"", ""HC0184"", ""HC0190"", ""HC0191"", ""HC0195"", ""HC0201"", ""HC0206"", ""HC0207"", ""HC0211"", ""HC0212"", ""HC0222"", ""HC0231""]",,0,5.0
sku-HC0022,Check supply for Madison Reed Color Reviving Gloss Mulled Wine (HC0022),Fix availability,Now,Snapshot only,"Source fields support a review; a single snapshot does not establish the cause, commercial feasibility or probability of success.","Active and low stock; market-demand proxy €54,053.15, trend +54.3%. Stock duration and lost sales are unknown.","Confirm physical and online availability, stock-feed accuracy and supplier lead time; replenish if feasible before considering promotion.",Supply planner,"Availability, units sold and gross profit after the supply check.",631.31,Revenue,12 weeks,"max(0, €54,053.15 x 0.05143053591957583 - €2,148.67) = €631.31","[""Benchmark: median channel / market-demand-proxy ratio of 11 other active, in-stock, selling SKUs in this subcategory."", ""Assumes the peer ratio is a relevant comparison; it does not prove stock or promotion caused the distance."", ""Snapshot benchmark distance, not forecast, guaranteed gain or upper bound; stock duration and distribution coverage are unknown."", ""No annualisation, elasticity, promotional cost or cannibalisation is modelled.""]",[],"[""One 12-week aggregate and current status/stock fields; the period end and stock duration are not supplied."", ""Market revenue is a demand proxy, not a verified addressable sales pool."", ""Winter item: verify the selling calendar before promotion, reactivation or clearance; the performance-window end is unknown.""]","[{""file"": ""sku_performance.csv"", ""record_id"": ""HC0022"", ""row_number"": 23}, {""file"": ""product_metadata.csv"", ""record_id"": ""HC0022"", ""row_number"": 23}, {""file"": ""competitor_market_signals.csv"", ""record_id"": ""CM041"", ""row_number"": 42}]","[{""brand"": ""Goldwell"", ""name"": ""Goldwell Root Frosted Chestnut"", ""observed_date"": ""2026-07-01"", ""price_eur"": 16.43, ""record_id"": ""CM041"", ""signal_score_0_100"": 18.0, ""signal_valid"": true, ""source"": ""rossmann.de"", ""trend_score_12w_pct"": 0.337}]",HC0022,Madison Reed Color Reviving Gloss Mulled Wine,Madison Reed,Toner / Gloss,Winter,Labo Natural,False,aktiv,low_stock,Winter,150 ml,33.35,2148.67,71,0.548,0.531,54053.15,0.543,3.9751059836475764,5.1430535919575835,0.412,11,"[""HC0045"", ""HC0050"", ""HC0066"", ""HC0097"", ""HC0121"", ""HC0153"", ""HC0158"", ""HC0163"", ""HC0185"", ""HC0226"", ""HC0233""]",16.43,1,4.0
sku-HC0137,Check supply for Manic Panic Classic Cream Smoky Blonde (HC0137),Fix availability,Now,Snapshot only,"Source fields support a review; a single snapshot does not establish the cause, commercial feasibility or probability of success.","Active and low stock; market-demand proxy €6,763.58, trend +27.4%. Stock duration and lost sales are unknown.","Confirm physical and online availability, stock-feed accuracy and supplier lead time; replenish if feasible before considering promotion.",Supply planner,"Availability, units sold and gross profit after the supply check.",488.1,Revenue,12 weeks,"max(0, €6,763.58 x 0.07216658873886855 - €0.00) = €488.10","[""Benchmark: median channel / market-demand-proxy ratio of 50 other active, in-stock, selling SKUs in this subcategory."", ""Assumes the peer ratio is a relevant comparison; it does not prove stock or promotion caused the distance."", ""Snapshot benchmark distance, not forecast, guaranteed gain or upper bound; stock duration and distribution coverage are unknown."", ""No annualisation, elasticity, promotional cost or cannibalisation is modelled.""]",[],"[""One 12-week aggregate and current status/stock fields; the period end and stock duration are not supplied."", ""Market revenue is a demand proxy, not a verified addressable sales pool.""]","[{""file"": ""sku_performance.csv"", ""record_id"": ""HC0137"", ""row_number"": 138}, {""file"": ""product_metadata.csv"", ""record_id"": ""HC0137"", ""row_number"": 138}, {""file"": ""competitor_market_signals.csv"", ""record_id"": ""CM053"", ""row_number"": 54}]","[{""brand"": ""Clairol"", ""name"": ""Clairol Color Cool Ash Blonde"", ""observed_date"": ""2026-07-01"", ""price_eur"": 16.97, ""record_id"": ""CM053"", ""signal_score_0_100"": 11.2, ""signal_valid"": true, ""source"": ""google_trends"", ""trend_score_12w_pct"": 0.011}]",HC0137,Manic Panic Classic Cream Smoky Blonde,Manic Panic,Permanent Color,Ash Blonde,Beauty Direct EU,False,aktiv,low_stock,Evergreen,2 x 1 kit,8.48,0.0,0,0.548,0.447,6763.58,0.274,0.0,7.216658873886855,0.391,50,"[""HC0001"", ""HC0008"", ""HC0011"", ""HC0013"", ""HC0015"", ""HC0017"", ""HC0018"", ""HC0025"", ""HC0028"", ""HC0032"", ""HC0037"", ""HC0040"", ""HC0041"", ""HC0048"", ""HC0049"", ""HC0051"", ""HC0064"", ""HC0083"", ""HC0094"", ""HC0096"", ""HC0099"", ""HC0105"", ""HC0106"", ""HC0110"", ""HC0112"", ""HC0120"", ""HC0123"", ""HC0131"", ""HC0132"", ""HC0142"", ""HC0146"", ""HC0159"", ""HC0167"", ""HC0170"", ""HC0172"", ""HC0176"", ""HC0177"", ""HC0179"", ""HC0182"", ""HC0184"", ""HC0190"", ""HC0191"", ""HC0195"", ""HC0201"", ""HC0206"", ""HC0207"", ""HC0211"", ""HC0212"", ""HC0222"", ""HC0231""]",16.97,1,4.0
sku-HC0035,Check supply for Syoss Root Retoucher Dark Blonde (HC0035),Fix availability,Now,Snapshot only,"Source fields support a review; a single snapshot does not establish the cause, commercial feasibility or probability of success.","Active and low stock; market-demand proxy €81,023.35, trend +48.7%. Stock duration and lost sales are unknown.","Confirm physical and online availability, stock-feed accuracy and supplier lead time; replenish if feasible before considering promotion.",Supply planner,"Availability, units sold and gross profit after the supply check.",480.69,Revenue,12 weeks,"max(0, €81,023.35 x 0.04215972941094782 - €2,935.23) = €480.69","[""Benchmark: median channel / market-demand-proxy ratio of 27 other active, in-stock, selling SKUs in this subcategory."", ""Assumes the peer ratio is a relevant comparison; it does not prove stock or promotion caused the distance."", ""Snapshot benchmark distance, not forecast, guaranteed gain or upper bound; stock duration and distribution coverage are unknown."", ""No annualisation, elasticity, promotional cost or cannibalisation is modelled.""]",[],"[""One 12-week aggregate and current status/stock fields; the period end and stock duration are not supplied."", ""Market revenue is a demand proxy, not a verified addressable sales pool.""]","[{""file"": ""sku_performance.csv"", ""record_id"": ""HC0035"", ""row_number"": 36}, {""file"": ""product_metadata.csv"", ""record_id"": ""HC0035"", ""row_number"": 36}]",[],HC0035,Syoss Root Retoucher Dark Blonde,Syoss,Semi-Permanent / Fashion Color,Blonde,Henkel Beauty Care,False,aktiv,low_stock,Evergreen,100 ml,16.59,2935.23,167,0.346,0.484,81023.35,0.487,3.6226964202294774,4.215972941094782,0.363,27,"[""HC0038"", ""HC0055"", ""HC0057"", ""HC0059"", ""HC0061"", ""HC0068"", ""HC0074"", ""HC0077"", ""HC0078"", ""HC0080"", ""HC0088"", ""HC0102"", ""HC0113"", ""HC0115"", ""HC0133"", ""HC0149"", ""HC0154"", ""HC0171"", ""HC0180"", ""HC0186"", ""HC0197"", ""HC0208"", ""HC0209"", ""HC0215"", ""HC0219"", ""HC0224"", ""HC0228""]",,0,10.0
sku-HC0117,Check supply for Madison Reed Radiant Hair Color Electric Blue (HC0117),Fix availability,Now,Snapshot only,"Source fields support a review; a single snapshot does not establish the cause, commercial feasibility or probability of success.","Active and low stock; market-demand proxy €7,064.76, trend +1.2%. Stock duration and lost sales are unknown.","Confirm physical and online availability, stock-feed accuracy and supplier lead time; replenish if feasible before considering promotion.",Supply planner,"Availability, units sold and gross profit after the supply check.",297.85,Revenue,12 weeks,"max(0, €7,064.76 x 0.04215972941094782 - €0.00) = €297.85","[""Benchmark: median channel / market-demand-proxy ratio of 27 other active, in-stock, selling SKUs in this subcategory."", ""Assumes the peer ratio is a relevant comparison; it does not prove stock or promotion caused the distance."", ""Snapshot benchmark distance, not forecast, guaranteed gain or upper bound; stock duration and distribution coverage are unknown."", ""No annualisation, elasticity, promotional cost or cannibalisation is modelled.""]","[""Review price benchmark""]","[""One 12-week aggregate and current status/stock fields; the period end and stock duration are not supplied."", ""Market revenue is a demand proxy, not a verified addressable sales pool."", ""Matching subcategory and shade does not establish like-for-like pricing or substitutability; competitor pack size and product form are not verified."", ""Competitor rows are observations, not necessarily independent corroboration. Refresh sources before a commercial decision."", ""Competitor evidence is older than the 60-day review threshold.""]","[{""file"": ""sku_performance.csv"", ""record_id"": ""HC0117"", ""row_number"": 118}, {""file"": ""product_metadata.csv"", ""record_id"": ""HC0117"", ""row_number"": 118}, {""file"": ""competitor_market_signals.csv"", ""record_id"": ""CM001"", ""row_number"": 2}, {""file"": ""competitor_market_signals.csv"", ""record_id"": ""CM034"", ""row_number"": 35}]","[{""brand"": ""Manic Panic"", ""name"": ""Manic Panic High Voltage Ultra Violet"", ""observed_date"": ""2026-07-01"", ""price_eur"": 11.99, ""record_id"": ""CM001"", ""signal_score_0_100"": 96.0, ""signal_valid"": true, ""source"": ""amazon.de"", ""trend_score_12w_pct"": 0.58}, {""brand"": ""Madison Reed"", ""name"": ""Madison Reed Root Ultra Violet"", ""observed_date"": ""2026-07-01"", ""price_eur"": 7.16, ""record_id"": ""CM034"", ""signal_score_0_100"": 7.1, ""signal_valid"": true, ""source"": ""flaconi.de"", ""trend_score_12w_pct"": 0.038}]",HC0117,Madison Reed Radiant Hair Color Electric Blue,Madison Reed,Semi-Permanent / Fashion Color,Vivid,Labo Natural,False,aktiv,low_stock,Evergreen,100 ml,28.79,0.0,0,0.284,-0.078,7064.76,0.012,0.0,4.215972941094782,0.363,27,"[""HC0038"", ""HC0055"", ""HC0057"", ""HC0059"", ""HC0061"", ""HC0068"", ""HC0074"", ""HC0077"", ""HC0078"", ""HC0080"", ""HC0088"", ""HC0102"", ""HC0113"", ""HC0115"", ""HC0133"", ""HC0149"", ""HC0154"", ""HC0171"", ""HC0180"", ""HC0186"", ""HC0197"", ""HC0208"", ""HC0209"", ""HC0215"", ""HC0219"", ""HC0224"", ""HC0228""]",9.575,2,10.0
sku-HC0194,Check supply for Naturtint Root Retouch Hazelnut Brown (HC0194),Fix availability,Now,Snapshot only,"Source fields support a review; a single snapshot does not establish the cause, commercial feasibility or probability of success.","Active and low stock; market-demand proxy €7,499.71, trend +11.4%. Stock duration and lost sales are unknown.","Confirm physical and online availability, stock-feed accuracy and supplier lead time; replenish if feasible before considering promotion.",Supply planner,"Availability, units sold and gross profit after the supply check.",209.4,Revenue,12 weeks,"max(0, €7,499.71 x 0.05440241102241644 - €198.60) = €209.40","[""Benchmark: median channel / market-demand-proxy ratio of 26 other active, in-stock, selling SKUs in this subcategory."", ""Assumes the peer ratio is a relevant comparison; it does not prove stock or promotion caused the distance."", ""Snapshot benchmark distance, not forecast, guaranteed gain or upper bound; stock duration and distribution coverage are unknown."", ""No annualisation, elasticity, promotional cost or cannibalisation is modelled.""]",[],"[""One 12-week aggregate and current status/stock fields; the period end and stock duration are not supplied."", ""Market revenue is a demand proxy, not a verified addressable sales pool.""]","[{""file"": ""sku_performance.csv"", ""record_id"": ""HC0194"", ""row_number"": 195}, {""file"": ""product_metadata.csv"", ""record_id"": ""HC0194"", ""row_number"": 195}, {""file"": ""competitor_market_signals.csv"", ""record_id"": ""CM070"", ""row_number"": 71}]","[{""brand"": ""Directions"", ""name"": ""Directions Care Chestnut Brown"", ""observed_date"": ""2026-07-01"", ""price_eur"": 25.87, ""record_id"": ""CM070"", ""signal_score_0_100"": 47.1, ""signal_valid"": true, ""source"": ""douglas.de"", ""trend_score_12w_pct"": -0.302}]",HC0194,Naturtint Root Retouch Hazelnut Brown,Naturtint,Root Touch-Up,Medium Brown,Indie Color Imports,False,aktiv,low_stock,Evergreen,2 x 1 kit,18.6,198.6,12,0.456,0.238,7499.71,0.114,2.6481023932925405,5.440241102241644,0.361,26,"[""HC0005"", ""HC0020"", ""HC0042"", ""HC0046"", ""HC0052"", ""HC0056"", ""HC0071"", ""HC0075"", ""HC0076"", ""HC0084"", ""HC0086"", ""HC0090"", ""HC0145"", ""HC0148"", ""HC0155"", ""HC0156"", ""HC0157"", ""HC0161"", ""HC0174"", ""HC0178"", ""HC0181"", ""HC0189"", ""HC0203"", ""HC0204"", ""HC0213"", ""HC0217""]",25.87,1,5.0
sku-HC0221,Check supply for Manic Panic Classic Cream Light Blonde (HC0221),Fix availability,Now,Snapshot only,"Source fields support a review; a single snapshot does not establish the cause, commercial feasibility or probability of success.","Active and low stock; market-demand proxy €46,925.04, trend +58.0%. Stock duration and lost sales are unknown.","Confirm physical and online availability, stock-feed accuracy and supplier lead time; replenish if feasible before considering promotion.",Supply planner,"Availability, units sold and gross profit after the supply check.",135.36,Revenue,12 weeks,"max(0, €46,925.04 x 0.04158778905071245 - €1,816.15) = €135.36","[""Benchmark: median channel / market-demand-proxy ratio of 8 other active, in-stock, selling SKUs in this subcategory."", ""Assumes the peer ratio is a relevant comparison; it does not prove stock or promotion caused the distance."", ""Snapshot benchmark distance, not forecast, guaranteed gain or upper bound; stock duration and distribution coverage are unknown."", ""No annualisation, elasticity, promotional cost or cannibalisation is modelled.""]",[],"[""One 12-week aggregate and current status/stock fields; the period end and stock duration are not supplied."", ""Market revenue is a demand proxy, not a verified addressable sales pool.""]","[{""file"": ""sku_performance.csv"", ""record_id"": ""HC0221"", ""row_number"": 222}, {""file"": ""product_metadata.csv"", ""record_id"": ""HC0221"", ""row_number"": 222}]",[],HC0221,Manic Panic Classic Cream Light Blonde,Manic Panic,Bleach / Lightener,Blonde,Henkel Beauty Care,False,aktiv,low_stock,Evergreen,200 ml,9.06,1816.15,238,0.192,0.534,46925.04,0.58,3.8703216875254665,4.1587789050712445,0.46599999999999997,8,"[""HC0031"", ""HC0058"", ""HC0082"", ""HC0129"", ""HC0136"", ""HC0160"", ""HC0162"", ""HC0175""]",,0,6.0
sku-HC0072,Check supply for Clairol Nice'n Easy Apricot Copper (HC0072),Fix availability,Now,Snapshot only,"Source fields support a review; a single snapshot does not establish the cause, commercial feasibility or probability of success.","Active and low stock; market-demand proxy €29,560.44, trend +6.1%. Stock duration and lost sales are unknown.","Confirm physical and online availability, stock-feed accuracy and supplier lead time; replenish if feasible before considering promotion.",Supply planner,"Availability, units sold and gross profit after the supply check.",55.87,Revenue,12 weeks,"max(0, €29,560.44 x 0.05143053591957583 - €1,464.44) = €55.87","[""Benchmark: median channel / market-demand-proxy ratio of 11 other active, in-stock, selling SKUs in this subcategory."", ""Assumes the peer ratio is a relevant comparison; it does not prove stock or promotion caused the distance."", ""Snapshot benchmark distance, not forecast, guaranteed gain or upper bound; stock duration and distribution coverage are unknown."", ""No annualisation, elasticity, promotional cost or cannibalisation is modelled.""]",[],"[""One 12-week aggregate and current status/stock fields; the period end and stock duration are not supplied."", ""Market revenue is a demand proxy, not a verified addressable sales pool.""]","[{""file"": ""sku_performance.csv"", ""record_id"": ""HC0072"", ""row_number"": 73}, {""file"": ""product_metadata.csv"", ""record_id"": ""HC0072"", ""row_number"": 73}]",[],HC0072,Clairol Nice'n Easy Apricot Copper,Clairol,Toner / Gloss,Copper,Henkel Beauty Care,False,aktiv,low_stock,Evergreen,1 kit,8.37,1464.44,201,0.311,0.128,29560.44,0.061,4.954053457932291,5.1430535919575835,0.412,11,"[""HC0045"", ""HC0050"", ""HC0066"", ""HC0097"", ""HC0121"", ""HC0153"", ""HC0158"", ""HC0163"", ""HC0185"", ""HC0226"", ""HC0233""]",,0,5.0
sku-HC0073,Check supply for Directions Semi Permanent Pearl Blonde (HC0073),Fix availability,Now,Snapshot only,"Source fields support a review; a single snapshot does not establish the cause, commercial feasibility or probability of success.","Active and low stock; market-demand proxy €33,157.81, trend +51.4%. Stock duration and lost sales are unknown.","Confirm physical and online availability, stock-feed accuracy and supplier lead time; replenish if feasible before considering promotion.",Supply planner,"Availability, units sold and gross profit after the supply check.",22.74,Revenue,12 weeks,"max(0, €33,157.81 x 0.04158778905071245 - €1,356.22) = €22.74","[""Benchmark: median channel / market-demand-proxy ratio of 8 other active, in-stock, selling SKUs in this subcategory."", ""Assumes the peer ratio is a relevant comparison; it does not prove stock or promotion caused the distance."", ""Snapshot benchmark distance, not forecast, guaranteed gain or upper bound; stock duration and distribution coverage are unknown."", ""No annualisation, elasticity, promotional cost or cannibalisation is modelled.""]",[],"[""One 12-week aggregate and current status/stock fields; the period end and stock duration are not supplied."", ""Market revenue is a demand proxy, not a verified addressable sales pool.""]","[{""file"": ""sku_performance.csv"", ""record_id"": ""HC0073"", ""row_number"": 74}, {""file"": ""product_metadata.csv"", ""record_id"": ""HC0073"", ""row_number"": 74}]",[],HC0073,Directions Semi Permanent Pearl Blonde,Directions,Bleach / Lightener,Ash Blonde,Indie Color Imports,False,aktiv,low_stock,Evergreen,2 x 1 kit,7.61,1356.22,184,0.352,0.432,33157.81,0.514,4.090197754314897,4.1587789050712445,0.46599999999999997,8,"[""HC0031"", ""HC0058"", ""HC0082"", ""HC0129"", ""HC0136"", ""HC0160"", ""HC0162"", ""HC0175""]",,0,10.0
sku-HC0108,Check supply for Bleach London White Toner Mushroom Brown (HC0108),Fix availability,Now,Snapshot only,"Source fields support a review; a single snapshot does not establish the cause, commercial feasibility or probability of success.","Active and low stock; market-demand proxy €213,564.79, trend +23.1%. Stock duration and lost sales are unknown.","Confirm physical and online availability, stock-feed accuracy and supplier lead time; replenish if feasible before considering promotion.",Supply planner,"Availability, units sold and gross profit after the supply check.",0.0,Revenue,12 weeks,"max(0, €213,564.79 x 0.05143053591957583 - €15,242.84) = €0.00","[""Benchmark: median channel / market-demand-proxy ratio of 11 other active, in-stock, selling SKUs in this subcategory."", ""Assumes the peer ratio is a relevant comparison; it does not prove stock or promotion caused the distance."", ""Snapshot benchmark distance, not forecast, guaranteed gain or upper bound; stock duration and distribution coverage are unknown."", ""No annualisation, elasticity, promotional cost or cannibalisation is modelled.""]",[],"[""One 12-week aggregate and current status/stock fields; the period end and stock duration are not supplied."", ""Market revenue is a demand proxy, not a verified addressable sales pool.""]","[{""file"": ""sku_performance.csv"", ""record_id"": ""HC0108"", ""row_number"": 109}, {""file"": ""product_metadata.csv"", ""record_id"": ""HC0108"", ""row_number"": 109}, {""file"": ""competitor_market_signals.csv"", ""record_id"": ""CM042"", ""row_number"": 43}]","[{""brand"": ""eSalon"", ""name"": ""eSalon Color Mushroom Brown"", ""observed_date"": ""2026-07-01"", ""price_eur"": 13.55, ""record_id"": ""CM042"", ""signal_score_0_100"": 71.6, ""signal_valid"": true, ""source"": ""tiktok_shop_signal"", ""trend_score_12w_pct"": 0.534}]",HC0108,Bleach London White Toner Mushroom Brown,Bleach London,Toner / Gloss,Light Brown,SalonPro Distribution,False,aktiv,low_stock,Evergreen,100 ml,5.98,15242.84,2895,0.578,0.326,213564.79,0.231,7.137337573295673,5.1430535919575835,0.412,11,"[""HC0045"", ""HC0050"", ""HC0066"", ""HC0097"", ""HC0121"", ""HC0153"", ""HC0158"", ""HC0163"", ""HC0185"", ""HC0226"", ""HC0233""]",13.55,1,12.0
sku-HC0021,Check supply for Naturtint Permanent Hair Color Silver Grey (HC0021),Fix availability,Now,Snapshot only,"Source fields support a review; a single snapshot does not establish the cause, commercial feasibility or probability of success.","Active and low stock; market-demand proxy €164,441.87, trend +37.4%. Stock duration and lost sales are unknown.","Confirm physical and online availability, stock-feed accuracy and supplier lead time; replenish if feasible before considering promotion.",Supply planner,"Availability, units sold and gross profit after the supply check.",0.0,Revenue,12 weeks,"max(0, €164,441.87 x 0.07216658873886855 - €12,414.74) = €0.00","[""Benchmark: median channel / market-demand-proxy ratio of 50 other active, in-stock, selling SKUs in this subcategory."", ""Assumes the peer ratio is a relevant comparison; it does not prove stock or promotion caused the distance."", ""Snapshot benchmark distance, not forecast, guaranteed gain or upper bound; stock duration and distribution coverage are unknown."", ""No annualisation, elasticity, promotional cost or cannibalisation is modelled.""]",[],"[""One 12-week aggregate and current status/stock fields; the period end and stock duration are not supplied."", ""Market revenue is a demand proxy, not a verified addressable sales pool.""]","[{""file"": ""sku_performance.csv"", ""record_id"": ""HC0021"", ""row_number"": 22}, {""file"": ""product_metadata.csv"", ""record_id"": ""HC0021"", ""row_number"": 22}, {""file"": ""competitor_market_signals.csv"", ""record_id"": ""CM010"", ""row_number"": 11}, {""file"": ""competitor_market_signals.csv"", ""record_id"": ""CM028"", ""row_number"": 29}, {""file"": ""competitor_market_signals.csv"", ""record_id"": ""CM044"", ""row_number"": 45}]","[{""brand"": ""eSalon"", ""name"": ""eSalon Color Silver Grey"", ""observed_date"": ""2026-07-01"", ""price_eur"": 25.75, ""record_id"": ""CM010"", ""signal_score_0_100"": 74.4, ""signal_valid"": true, ""source"": ""douglas.de"", ""trend_score_12w_pct"": -0.323}, {""brand"": ""Clairol"", ""name"": ""Clairol Care Pearl Silver"", ""observed_date"": ""2026-07-01"", ""price_eur"": 28.25, ""record_id"": ""CM028"", ""signal_score_0_100"": 53.1, ""signal_valid"": true, ""source"": ""douglas.de"", ""trend_score_12w_pct"": 0.6}, {""brand"": ""Revlon"", ""name"": ""Revlon Permanent Pearl Silver"", ""observed_date"": ""2026-07-01"", ""price_eur"": 10.75, ""record_id"": ""CM044"", ""signal_score_0_100"": 104.8, ""signal_valid"": false, ""source"": ""rossmann.de"", ""trend_score_12w_pct"": 0.597}]",HC0021,Naturtint Permanent Hair Color Silver Grey,Naturtint,Permanent Color,Silver/Grey,P&G Beauty,False,aktiv,low_stock,Evergreen,100 ml,14.55,12414.74,850,0.414,0.246,164441.87,0.374,7.549622246450979,7.216658873886855,0.391,50,"[""HC0001"", ""HC0008"", ""HC0011"", ""HC0013"", ""HC0015"", ""HC0017"", ""HC0018"", ""HC0025"", ""HC0028"", ""HC0032"", ""HC0037"", ""HC0040"", ""HC0041"", ""HC0048"", ""HC0049"", ""HC0051"", ""HC0064"", ""HC0083"", ""HC0094"", ""HC0096"", ""HC0099"", ""HC0105"", ""HC0106"", ""HC0110"", ""HC0112"", ""HC0120"", ""HC0123"", ""HC0131"", ""HC0132"", ""HC0142"", ""HC0146"", ""HC0159"", ""HC0167"", ""HC0170"", ""HC0172"", ""HC0176"", ""HC0177"", ""HC0179"", ""HC0182"", ""HC0184"", ""HC0190"", ""HC0191"", ""HC0195"", ""HC0201"", ""HC0206"", ""HC0207"", ""HC0211"", ""HC0212"", ""HC0222"", ""HC0231""]",25.75,3,4.0
sku-HC0164,Check supply for ZenBeauty Private Label Gloss Lab Hazelnut Brown (HC0164),Fix availability,Now,Snapshot only,"Source fields support a review; a single snapshot does not establish the cause, commercial feasibility or probability of success.","Active and low stock; market-demand proxy €122,995.98, trend +13.2%. Stock duration and lost sales are unknown.","Confirm physical and online availability, stock-feed accuracy and supplier lead time; replenish if feasible before considering promotion.",Supply planner,"Availability, units sold and gross profit after the supply check.",0.0,Revenue,12 weeks,"max(0, €122,995.98 x 0.05440241102241644 - €10,451.07) = €0.00","[""Benchmark: median channel / market-demand-proxy ratio of 26 other active, in-stock, selling SKUs in this subcategory."", ""Assumes the peer ratio is a relevant comparison; it does not prove stock or promotion caused the distance."", ""Snapshot benchmark distance, not forecast, guaranteed gain or upper bound; stock duration and distribution coverage are unknown."", ""No annualisation, elasticity, promotional cost or cannibalisation is modelled.""]",[],"[""One 12-week aggregate and current status/stock fields; the period end and stock duration are not supplied."", ""Market revenue is a demand proxy, not a verified addressable sales pool.""]","[{""file"": ""sku_performance.csv"", ""record_id"": ""HC0164"", ""row_number"": 165}, {""file"": ""product_metadata.csv"", ""record_id"": ""HC0164"", ""row_number"": 165}, {""file"": ""competitor_market_signals.csv"", ""record_id"": ""CM070"", ""row_number"": 71}]","[{""brand"": ""Directions"", ""name"": ""Directions Care Chestnut Brown"", ""observed_date"": ""2026-07-01"", ""price_eur"": 25.87, ""record_id"": ""CM070"", ""signal_score_0_100"": 47.1, ""signal_valid"": true, ""source"": ""douglas.de"", ""trend_score_12w_pct"": -0.302}]",HC0164,ZenBeauty Private Label Gloss Lab Hazelnut Brown,ZenBeauty Private Label,Root Touch-Up,Medium Brown,Own Brand Sourcing GmbH,True,aktiv,low_stock,Evergreen,150 ml,8.1,10451.07,1150,0.436,0.296,122995.98,0.132,8.497082587577252,5.440241102241644,0.361,26,"[""HC0005"", ""HC0020"", ""HC0042"", ""HC0046"", ""HC0052"", ""HC0056"", ""HC0071"", ""HC0075"", ""HC0076"", ""HC0084"", ""HC0086"", ""HC0090"", ""HC0145"", ""HC0148"", ""HC0155"", ""HC0156"", ""HC0157"", ""HC0161"", ""HC0174"", ""HC0178"", ""HC0181"", ""HC0189"", ""HC0203"", ""HC0204"", ""HC0213"", ""HC0217""]",25.87,1,10.0
sku-HC0151,Check supply for Clairol Nice'n Easy Hazelnut Brown (HC0151),Fix availability,Now,Snapshot only,"Source fields support a review; a single snapshot does not establish the cause, commercial feasibility or probability of success.","Active and low stock; market-demand proxy €68,945.20, trend +2.9%. Stock duration and lost sales are unknown.","Confirm physical and online availability, stock-feed accuracy and supplier lead time; replenish if feasible before considering promotion.",Supply planner,"Availability, units sold and gross profit after the supply check.",0.0,Revenue,12 weeks,"max(0, €68,945.20 x 0.04215972941094782 - €3,109.46) = €0.00","[""Benchmark: median channel / market-demand-proxy ratio of 27 other active, in-stock, selling SKUs in this subcategory."", ""Assumes the peer ratio is a relevant comparison; it does not prove stock or promotion caused the distance."", ""Snapshot benchmark distance, not forecast, guaranteed gain or upper bound; stock duration and distribution coverage are unknown."", ""No annualisation, elasticity, promotional cost or cannibalisation is modelled.""]",[],"[""One 12-week aggregate and current status/stock fields; the period end and stock duration are not supplied."", ""Market revenue is a demand proxy, not a verified addressable sales pool.""]","[{""file"": ""sku_performance.csv"", ""record_id"": ""HC0151"", ""row_number"": 152}, {""file"": ""product_metadata.csv"", ""record_id"": ""HC0151"", ""row_number"": 152}, {""file"": ""competitor_market_signals.csv"", ""record_id"": ""CM039"", ""row_number"": 40}]","[{""brand"": ""Garnier"", ""name"": ""Garnier Care Chestnut Brown"", ""observed_date"": ""2026-07-01"", ""price_eur"": 24.56, ""record_id"": ""CM039"", ""signal_score_0_100"": 76.1, ""signal_valid"": true, ""source"": ""rossmann.de"", ""trend_score_12w_pct"": 0.278}]",HC0151,Clairol Nice'n Easy Hazelnut Brown,Clairol,Semi-Permanent / Fashion Color,Medium Brown,Henkel Beauty Care,False,aktiv,low_stock,Evergreen,150 ml,11.49,3109.46,313,0.537,0.033,68945.2,0.029,4.510045659451275,4.215972941094782,0.363,27,"[""HC0038"", ""HC0055"", ""HC0057"", ""HC0059"", ""HC0061"", ""HC0068"", ""HC0074"", ""HC0077"", ""HC0078"", ""HC0080"", ""HC0088"", ""HC0102"", ""HC0113"", ""HC0115"", ""HC0133"", ""HC0149"", ""HC0154"", ""HC0171"", ""HC0180"", ""HC0186"", ""HC0197"", ""HC0208"", ""HC0209"", ""HC0215"", ""HC0219"", ""HC0224"", ""HC0228""]",24.56,1,10.0
sku-HC0220,Check supply for Crazy Color Semi Permanent Ultra Violet (HC0220),Fix availability,Now,Snapshot only,"Source fields support a review; a single snapshot does not establish the cause, commercial feasibility or probability of success.","Active and low stock; market-demand proxy €48,860.17, trend +7.7%. Stock duration and lost sales are unknown.","Confirm physical and online availability, stock-feed accuracy and supplier lead time; replenish if feasible before considering promotion.",Supply planner,"Availability, units sold and gross profit after the supply check.",0.0,Revenue,12 weeks,"max(0, €48,860.17 x 0.04215972941094782 - €3,094.81) = €0.00","[""Benchmark: median channel / market-demand-proxy ratio of 27 other active, in-stock, selling SKUs in this subcategory."", ""Assumes the peer ratio is a relevant comparison; it does not prove stock or promotion caused the distance."", ""Snapshot benchmark distance, not forecast, guaranteed gain or upper bound; stock duration and distribution coverage are unknown."", ""No annualisation, elasticity, promotional cost or cannibalisation is modelled.""]",[],"[""One 12-week aggregate and current status/stock fields; the period end and stock duration are not supplied."", ""Market revenue is a demand proxy, not a verified addressable sales pool.""]","[{""file"": ""sku_performance.csv"", ""record_id"": ""HC0220"", ""row_number"": 221}, {""file"": ""product_metadata.csv"", ""record_id"": ""HC0220"", ""row_number"": 221}, {""file"": ""competitor_market_signals.csv"", ""record_id"": ""CM001"", ""row_number"": 2}, {""file"": ""competitor_market_signals.csv"", ""record_id"": ""CM034"", ""row_number"": 35}]","[{""brand"": ""Manic Panic"", ""name"": ""Manic Panic High Voltage Ultra Violet"", ""observed_date"": ""2026-07-01"", ""price_eur"": 11.99, ""record_id"": ""CM001"", ""signal_score_0_100"": 96.0, ""signal_valid"": true, ""source"": ""amazon.de"", ""trend_score_12w_pct"": 0.58}, {""brand"": ""Madison Reed"", ""name"": ""Madison Reed Root Ultra Violet"", ""observed_date"": ""2026-07-01"", ""price_eur"": 7.16, ""record_id"": ""CM034"", ""signal_score_0_100"": 7.1, ""signal_valid"": true, ""source"": ""flaconi.de"", ""trend_score_12w_pct"": 0.038}]",HC0220,Crazy Color Semi Permanent Ultra Violet,Crazy Color,Semi-Permanent / Fashion Color,Vivid,Labo Natural,False,aktiv,low_stock,Evergreen,100 ml,14.99,3094.81,241,0.438,0.031,48860.17,0.077,6.334013983168704,4.215972941094782,0.363,27,"[""HC0038"", ""HC0055"", ""HC0057"", ""HC0059"", ""HC0061"", ""HC0068"", ""HC0074"", ""HC0077"", ""HC0078"", ""HC0080"", ""HC0088"", ""HC0102"", ""HC0113"", ""HC0115"", ""HC0133"", ""HC0149"", ""HC0154"", ""HC0171"", ""HC0180"", ""HC0186"", ""HC0197"", ""HC0208"", ""HC0209"", ""HC0215"", ""HC0219"", ""HC0224"", ""HC0228""]",9.575,2,10.0
sku-HC0118,Check supply for eSalon Custom Color Set Pearl Blonde (HC0118),Fix availability,Now,Snapshot only,"Source fields support a review; a single snapshot does not establish the cause, commercial feasibility or probability of success.","Active and low stock; market-demand proxy €33,382.50, trend +11.2%. Stock duration and lost sales are unknown.","Confirm physical and online availability, stock-feed accuracy and supplier lead time; replenish if feasible before considering promotion.",Supply planner,"Availability, units sold and gross profit after the supply check.",0.0,Revenue,12 weeks,"max(0, €33,382.50 x 0.05143053591957583 - €2,236.93) = €0.00","[""Benchmark: median channel / market-demand-proxy ratio of 11 other active, in-stock, selling SKUs in this subcategory."", ""Assumes the peer ratio is a relevant comparison; it does not prove stock or promotion caused the distance."", ""Snapshot benchmark distance, not forecast, guaranteed gain or upper bound; stock duration and distribution coverage are unknown."", ""No annualisation, elasticity, promotional cost or cannibalisation is modelled.""]",[],"[""One 12-week aggregate and current status/stock fields; the period end and stock duration are not supplied."", ""Market revenue is a demand proxy, not a verified addressable sales pool.""]","[{""file"": ""sku_performance.csv"", ""record_id"": ""HC0118"", ""row_number"": 119}, {""file"": ""product_metadata.csv"", ""record_id"": ""HC0118"", ""row_number"": 119}, {""file"": ""competitor_market_signals.csv"", ""record_id"": ""CM002"", ""row_number"": 3}]","[{""brand"": ""Wella"", ""name"": ""Wella Shinefinity Pearl Blonde Gloss"", ""observed_date"": ""2026-07-01"", ""price_eur"": 14.49, ""record_id"": ""CM002"", ""signal_score_0_100"": 93.5, ""signal_valid"": true, ""source"": ""flaconi.de"", ""trend_score_12w_pct"": 0.44}]",HC0118,eSalon Custom Color Set Pearl Blonde,eSalon,Toner / Gloss,Ash Blonde,Beauty Direct EU,False,aktiv,low_stock,Evergreen,150 ml,26.93,2236.93,96,0.226,0.291,33382.5,0.112,6.700906163408971,5.1430535919575835,0.412,11,"[""HC0045"", ""HC0050"", ""HC0066"", ""HC0097"", ""HC0121"", ""HC0153"", ""HC0158"", ""HC0163"", ""HC0185"", ""HC0226"", ""HC0233""]",14.49,1,5.0
sku-HC0027,Check supply for Crazy Color Platinum Toner Chocolate Brown (HC0027),Fix availability,Now,Snapshot only,"Source fields support a review; a single snapshot does not establish the cause, commercial feasibility or probability of success.","Active and low stock; market-demand proxy €30,682.39, trend +5.4%. Stock duration and lost sales are unknown.","Confirm physical and online availability, stock-feed accuracy and supplier lead time; replenish if feasible before considering promotion.",Supply planner,"Availability, units sold and gross profit after the supply check.",0.0,Revenue,12 weeks,"max(0, €30,682.39 x 0.02624143922628283 - €1,822.41) = €0.00","[""Benchmark: median channel / market-demand-proxy ratio of 5 other active, in-stock, selling SKUs in this subcategory."", ""Assumes the peer ratio is a relevant comparison; it does not prove stock or promotion caused the distance."", ""Snapshot benchmark distance, not forecast, guaranteed gain or upper bound; stock duration and distribution coverage are unknown."", ""No annualisation, elasticity, promotional cost or cannibalisation is modelled.""]",[],"[""One 12-week aggregate and current status/stock fields; the period end and stock duration are not supplied."", ""Market revenue is a demand proxy, not a verified addressable sales pool.""]","[{""file"": ""sku_performance.csv"", ""record_id"": ""HC0027"", ""row_number"": 28}, {""file"": ""product_metadata.csv"", ""record_id"": ""HC0027"", ""row_number"": 28}]",[],HC0027,Crazy Color Platinum Toner Chocolate Brown,Crazy Color,Color Care Add-on,Dark Brown,SalonPro Distribution,False,aktiv,low_stock,Evergreen,200 ml,14.5,1822.41,120,0.369,0.081,30682.39,0.054,5.939595970196585,2.624143922628283,0.406,5,"[""HC0093"", ""HC0107"", ""HC0128"", ""HC0138"", ""HC0192""]",,0,4.0
sku-HC0104,Check supply for Herbatint Vegetal Color Dark Blonde (HC0104),Fix availability,Now,Snapshot only,"Source fields support a review; a single snapshot does not establish the cause, commercial feasibility or probability of success.","Active and low stock; market-demand proxy €30,171.15, trend +14.9%. Stock duration and lost sales are unknown.","Confirm physical and online availability, stock-feed accuracy and supplier lead time; replenish if feasible before considering promotion.",Supply planner,"Availability, units sold and gross profit after the supply check.",0.0,Revenue,12 weeks,"max(0, €30,171.15 x 0.05440241102241644 - €3,206.65) = €0.00","[""Benchmark: median channel / market-demand-proxy ratio of 26 other active, in-stock, selling SKUs in this subcategory."", ""Assumes the peer ratio is a relevant comparison; it does not prove stock or promotion caused the distance."", ""Snapshot benchmark distance, not forecast, guaranteed gain or upper bound; stock duration and distribution coverage are unknown."", ""No annualisation, elasticity, promotional cost or cannibalisation is modelled.""]",[],"[""One 12-week aggregate and current status/stock fields; the period end and stock duration are not supplied."", ""Market revenue is a demand proxy, not a verified addressable sales pool.""]","[{""file"": ""sku_performance.csv"", ""record_id"": ""HC0104"", ""row_number"": 105}, {""file"": ""product_metadata.csv"", ""record_id"": ""HC0104"", ""row_number"": 105}]",[],HC0104,Herbatint Vegetal Color Dark Blonde,Herbatint,Root Touch-Up,Blonde,SalonPro Distribution,False,aktiv,low_stock,Evergreen,100 ml,7.85,3206.65,375,0.336,0.255,30171.15,0.149,10.628199455440047,5.440241102241644,0.361,26,"[""HC0005"", ""HC0020"", ""HC0042"", ""HC0046"", ""HC0052"", ""HC0056"", ""HC0071"", ""HC0075"", ""HC0076"", ""HC0084"", ""HC0086"", ""HC0090"", ""HC0145"", ""HC0148"", ""HC0155"", ""HC0156"", ""HC0157"", ""HC0161"", ""HC0174"", ""HC0178"", ""HC0181"", ""HC0189"", ""HC0203"", ""HC0204"", ""HC0213"", ""HC0217""]",,0,4.0
sku-HC0065,Check supply for Manic Panic Classic Cream Neon Green (HC0065),Fix availability,Now,Snapshot only,"Source fields support a review; a single snapshot does not establish the cause, commercial feasibility or probability of success.","Active and low stock; market-demand proxy €29,452.42, trend +3.5%. Stock duration and lost sales are unknown.","Confirm physical and online availability, stock-feed accuracy and supplier lead time; replenish if feasible before considering promotion.",Supply planner,"Availability, units sold and gross profit after the supply check.",0.0,Revenue,12 weeks,"max(0, €29,452.42 x 0.04215972941094782 - €1,518.45) = €0.00","[""Benchmark: median channel / market-demand-proxy ratio of 27 other active, in-stock, selling SKUs in this subcategory."", ""Assumes the peer ratio is a relevant comparison; it does not prove stock or promotion caused the distance."", ""Snapshot benchmark distance, not forecast, guaranteed gain or upper bound; stock duration and distribution coverage are unknown."", ""No annualisation, elasticity, promotional cost or cannibalisation is modelled.""]",[],"[""One 12-week aggregate and current status/stock fields; the period end and stock duration are not supplied."", ""Market revenue is a demand proxy, not a verified addressable sales pool.""]","[{""file"": ""sku_performance.csv"", ""record_id"": ""HC0065"", ""row_number"": 66}, {""file"": ""product_metadata.csv"", ""record_id"": ""HC0065"", ""row_number"": 66}, {""file"": ""competitor_market_signals.csv"", ""record_id"": ""CM001"", ""row_number"": 2}, {""file"": ""competitor_market_signals.csv"", ""record_id"": ""CM034"", ""row_number"": 35}]","[{""brand"": ""Manic Panic"", ""name"": ""Manic Panic High Voltage Ultra Violet"", ""observed_date"": ""2026-07-01"", ""price_eur"": 11.99, ""record_id"": ""CM001"", ""signal_score_0_100"": 96.0, ""signal_valid"": true, ""source"": ""amazon.de"", ""trend_score_12w_pct"": 0.58}, {""brand"": ""Madison Reed"", ""name"": ""Madison Reed Root Ultra Violet"", ""observed_date"": ""2026-07-01"", ""price_eur"": 7.16, ""record_id"": ""CM034"", ""signal_score_0_100"": 7.1, ""signal_valid"": true, ""source"": ""flaconi.de"", ""trend_score_12w_pct"": 0.038}]",HC0065,Manic Panic Classic Cream Neon Green,Manic Panic,Semi-Permanent / Fashion Color,Vivid,Henkel Beauty Care,False,aktiv,low_stock,Evergreen,1 kit,9.24,1518.45,181,0.426,-0.015,29452.42,0.035,5.155603512376912,4.215972941094782,0.363,27,"[""HC0038"", ""HC0055"", ""HC0057"", ""HC0059"", ""HC0061"", ""HC0068"", ""HC0074"", ""HC0077"", ""HC0078"", ""HC0080"", ""HC0088"", ""HC0102"", ""HC0113"", ""HC0115"", ""HC0133"", ""HC0149"", ""HC0154"", ""HC0171"", ""HC0180"", ""HC0186"", ""HC0197"", ""HC0208"", ""HC0209"", ""HC0215"", ""HC0219"", ""HC0224"", ""HC0228""]",9.575,2,5.0
sku-HC0125,Check supply for Garnier Movida Blue Black (HC0125),Fix availability,Now,Snapshot only,"Source fields support a review; a single snapshot does not establish the cause, commercial feasibility or probability of success.","Active and low stock; market-demand proxy €18,136.39, trend +19.7%. Stock duration and lost sales are unknown.","Confirm physical and online availability, stock-feed accuracy and supplier lead time; replenish if feasible before considering promotion.",Supply planner,"Availability, units sold and gross profit after the supply check.",0.0,Revenue,12 weeks,"max(0, €18,136.39 x 0.02624143922628283 - €890.53) = €0.00","[""Benchmark: median channel / market-demand-proxy ratio of 5 other active, in-stock, selling SKUs in this subcategory."", ""Assumes the peer ratio is a relevant comparison; it does not prove stock or promotion caused the distance."", ""Snapshot benchmark distance, not forecast, guaranteed gain or upper bound; stock duration and distribution coverage are unknown."", ""No annualisation, elasticity, promotional cost or cannibalisation is modelled.""]",[],"[""One 12-week aggregate and current status/stock fields; the period end and stock duration are not supplied."", ""Market revenue is a demand proxy, not a verified addressable sales pool.""]","[{""file"": ""sku_performance.csv"", ""record_id"": ""HC0125"", ""row_number"": 126}, {""file"": ""product_metadata.csv"", ""record_id"": ""HC0125"", ""row_number"": 126}]",[],HC0125,Garnier Movida Blue Black,Garnier,Color Care Add-on,Black,Henkel Beauty Care,False,aktiv,low_stock,Evergreen,300 ml,11.68,890.53,68,0.427,0.197,18136.39,0.197,4.910183338580611,2.624143922628283,0.406,5,"[""HC0093"", ""HC0107"", ""HC0128"", ""HC0138"", ""HC0192""]",,0,5.0
sku-HC0002,Investigate zero sales for ZenBeauty Private Label Color Studio Sunlit Peach (HC0002),Investigate zero sales,Now,Needs context,"Source fields support a review; a single snapshot does not establish the cause, commercial feasibility or probability of success.","Active and in stock, with €0.00 channel revenue and 0 units. Market-demand proxy €64,200.00, trend +31.0%. This exception does not require top-third demand.","Check listing visibility, barcode mapping, distribution and sales-feed completeness. Check the selling season before allocating promotional spend.",E-commerce / category operations,"Validated listing and sales feed; first confirmed sales, units and gross profit.",,Not estimated,12 weeks,No defensible monetary estimate from the supplied data.,"[""An investigation is recommended; financial impact is not established.""]",[],"[""One 12-week aggregate and current status/stock fields; the period end and stock duration are not supplied."", ""Market revenue is a demand proxy, not a verified addressable sales pool."", ""Summer item: verify the selling calendar before promotion, reactivation or clearance; the performance-window end is unknown.""]","[{""file"": ""sku_performance.csv"", ""record_id"": ""HC0002"", ""row_number"": 3}, {""file"": ""product_metadata.csv"", ""record_id"": ""HC0002"", ""row_number"": 3}, {""file"": ""competitor_market_signals.csv"", ""record_id"": ""CM023"", ""row_number"": 24}]","[{""brand"": ""Wella"", ""name"": ""Wella Permanent Beach Blonde"", ""observed_date"": ""2026-07-01"", ""price_eur"": 25.41, ""record_id"": ""CM023"", ""signal_score_0_100"": 27.8, ""signal_valid"": true, ""source"": ""google_trends"", ""trend_score_12w_pct"": 0.251}]",HC0002,ZenBeauty Private Label Color Studio Sunlit Peach,ZenBeauty Private Label,Semi-Permanent / Fashion Color,Summer,Own Brand Sourcing GmbH,True,aktiv,in_stock,Summer,60 ml,6.49,0.0,0,0.57,-1.0,64200.0,0.31,0.0,4.215972941094782,0.363,27,"[""HC0038"", ""HC0055"", ""HC0057"", ""HC0059"", ""HC0061"", ""HC0068"", ""HC0074"", ""HC0077"", ""HC0078"", ""HC0080"", ""HC0088"", ""HC0102"", ""HC0113"", ""HC0115"", ""HC0133"", ""HC0149"", ""HC0154"", ""HC0171"", ""HC0180"", ""HC0186"", ""HC0197"", ""HC0208"", ""HC0209"", ""HC0215"", ""HC0219"", ""HC0224"", ""HC0228""]",25.41,1,5.0
sku-HC0193,Investigate zero sales for Revlon Total Color Ruby Red (HC0193),Investigate zero sales,Now,Needs context,"Source fields support a review; a single snapshot does not establish the cause, commercial feasibility or probability of success.","Active and in stock, with €0.00 channel revenue and 0 units. Market-demand proxy €15,465.72, trend +16.3%. This exception does not require top-third demand.","Check listing visibility, barcode mapping, distribution and sales-feed completeness. Check the selling season before allocating promotional spend.",E-commerce / category operations,"Validated listing and sales feed; first confirmed sales, units and gross profit.",,Not estimated,12 weeks,No defensible monetary estimate from the supplied data.,"[""An investigation is recommended; financial impact is not established.""]",[],"[""One 12-week aggregate and current status/stock fields; the period end and stock duration are not supplied."", ""Market revenue is a demand proxy, not a verified addressable sales pool.""]","[{""file"": ""sku_performance.csv"", ""record_id"": ""HC0193"", ""row_number"": 194}, {""file"": ""product_metadata.csv"", ""record_id"": ""HC0193"", ""row_number"": 194}, {""file"": ""competitor_market_signals.csv"", ""record_id"": ""CM045"", ""row_number"": 46}, {""file"": ""competitor_market_signals.csv"", ""record_id"": ""CM052"", ""row_number"": 53}]","[{""brand"": ""Syoss"", ""name"": ""Syoss Permanent Intense Red"", ""observed_date"": ""2026-07-01"", ""price_eur"": 25.5, ""record_id"": ""CM045"", ""signal_score_0_100"": 42.3, ""signal_valid"": true, ""source"": ""google_trends"", ""trend_score_12w_pct"": -0.147}, {""brand"": ""Revlon"", ""name"": ""Revlon Permanent Intense Red"", ""observed_date"": ""2026-07-01"", ""price_eur"": 26.82, ""record_id"": ""CM052"", ""signal_score_0_100"": 78.6, ""signal_valid"": true, ""source"": ""google_trends"", ""trend_score_12w_pct"": 0.18}]",HC0193,Revlon Total Color Ruby Red,Revlon,Permanent Color,Red,P&G Beauty,False,aktiv,in_stock,Evergreen,200 ml,8.1,0.0,0,0.369,0.231,15465.72,0.163,0.0,7.216658873886855,0.391,50,"[""HC0001"", ""HC0008"", ""HC0011"", ""HC0013"", ""HC0015"", ""HC0017"", ""HC0018"", ""HC0025"", ""HC0028"", ""HC0032"", ""HC0037"", ""HC0040"", ""HC0041"", ""HC0048"", ""HC0049"", ""HC0051"", ""HC0064"", ""HC0083"", ""HC0094"", ""HC0096"", ""HC0099"", ""HC0105"", ""HC0106"", ""HC0110"", ""HC0112"", ""HC0120"", ""HC0123"", ""HC0131"", ""HC0132"", ""HC0142"", ""HC0146"", ""HC0159"", ""HC0167"", ""HC0170"", ""HC0172"", ""HC0176"", ""HC0177"", ""HC0179"", ""HC0182"", ""HC0184"", ""HC0190"", ""HC0191"", ""HC0195"", ""HC0201"", ""HC0206"", ""HC0207"", ""HC0211"", ""HC0212"", ""HC0222"", ""HC0231""]",26.16,2,4.0
sku-HC0101,Review reactivation of Bleach London White Toner Cool Ash Blonde (HC0101),Review reactivation,Validate first,Needs context,"Source fields support a review; a single snapshot does not establish the cause, commercial feasibility or probability of success.","Inactive, but the market-demand proxy is €332,008.70 and growing +17.8%. The reason for inactivity is not supplied.","Establish why the item is inactive and whether the demand signal is relevant. Check supply, product role and commercial terms before a reactivation trial.",Category manager,"Documented range decision; if trialled, units and gross profit against an agreed baseline.",,Not estimated,12 weeks,No defensible monetary estimate from the supplied data.,"[""An investigation is recommended; financial impact is not established.""]",[],"[""One 12-week aggregate and current status/stock fields; the period end and stock duration are not supplied."", ""Market revenue is a demand proxy, not a verified addressable sales pool.""]","[{""file"": ""sku_performance.csv"", ""record_id"": ""HC0101"", ""row_number"": 102}, {""file"": ""product_metadata.csv"", ""record_id"": ""HC0101"", ""row_number"": 102}, {""file"": ""competitor_market_signals.csv"", ""record_id"": ""CM053"", ""row_number"": 54}]","[{""brand"": ""Clairol"", ""name"": ""Clairol Color Cool Ash Blonde"", ""observed_date"": ""2026-07-01"", ""price_eur"": 16.97, ""record_id"": ""CM053"", ""signal_score_0_100"": 11.2, ""signal_valid"": true, ""source"": ""google_trends"", ""trend_score_12w_pct"": 0.011}]",HC0101,Bleach London White Toner Cool Ash Blonde,Bleach London,Permanent Color,Ash Blonde,Indie Color Imports,False,inaktiv,in_stock,Evergreen,60 ml,16.54,33543.34,2024,0.36,0.148,332008.7,0.178,10.10315091140684,7.216658873886855,0.391,50,"[""HC0001"", ""HC0008"", ""HC0011"", ""HC0013"", ""HC0015"", ""HC0017"", ""HC0018"", ""HC0025"", ""HC0028"", ""HC0032"", ""HC0037"", ""HC0040"", ""HC0041"", ""HC0048"", ""HC0049"", ""HC0051"", ""HC0064"", ""HC0083"", ""HC0094"", ""HC0096"", ""HC0099"", ""HC0105"", ""HC0106"", ""HC0110"", ""HC0112"", ""HC0120"", ""HC0123"", ""HC0131"", ""HC0132"", ""HC0142"", ""HC0146"", ""HC0159"", ""HC0167"", ""HC0170"", ""HC0172"", ""HC0176"", ""HC0177"", ""HC0179"", ""HC0182"", ""HC0184"", ""HC0190"", ""HC0191"", ""HC0195"", ""HC0201"", ""HC0206"", ""HC0207"", ""HC0211"", ""HC0212"", ""HC0222"", ""HC0231""]",16.97,1,8.0
sku-HC0007,Review reactivation of Manic Panic High Voltage Ultra Violet (HC0007),Review reactivation,Validate first,Needs context,"Source fields support a review; a single snapshot does not establish the cause, commercial feasibility or probability of success.","Inactive, but the market-demand proxy is €310,000.00 and growing +36.0%. The reason for inactivity is not supplied.","Establish why the item is inactive and whether the demand signal is relevant. Check supply, product role and commercial terms before a reactivation trial.",Category manager,"Documented range decision; if trialled, units and gross profit against an agreed baseline.",,Not estimated,12 weeks,No defensible monetary estimate from the supplied data.,"[""An investigation is recommended; financial impact is not established.""]",[],"[""One 12-week aggregate and current status/stock fields; the period end and stock duration are not supplied."", ""Market revenue is a demand proxy, not a verified addressable sales pool.""]","[{""file"": ""sku_performance.csv"", ""record_id"": ""HC0007"", ""row_number"": 8}, {""file"": ""product_metadata.csv"", ""record_id"": ""HC0007"", ""row_number"": 8}, {""file"": ""competitor_market_signals.csv"", ""record_id"": ""CM001"", ""row_number"": 2}, {""file"": ""competitor_market_signals.csv"", ""record_id"": ""CM034"", ""row_number"": 35}]","[{""brand"": ""Manic Panic"", ""name"": ""Manic Panic High Voltage Ultra Violet"", ""observed_date"": ""2026-07-01"", ""price_eur"": 11.99, ""record_id"": ""CM001"", ""signal_score_0_100"": 96.0, ""signal_valid"": true, ""source"": ""amazon.de"", ""trend_score_12w_pct"": 0.58}, {""brand"": ""Madison Reed"", ""name"": ""Madison Reed Root Ultra Violet"", ""observed_date"": ""2026-07-01"", ""price_eur"": 7.16, ""record_id"": ""CM034"", ""signal_score_0_100"": 7.1, ""signal_valid"": true, ""source"": ""flaconi.de"", ""trend_score_12w_pct"": 0.038}]",HC0007,Manic Panic High Voltage Ultra Violet,Manic Panic,Semi-Permanent / Fashion Color,Vivid,P&G Beauty,False,inaktiv,out_of_stock,Evergreen,100 ml,18.92,0.0,0,0.268,-0.379,310000.0,0.36,0.0,4.215972941094782,0.363,27,"[""HC0038"", ""HC0055"", ""HC0057"", ""HC0059"", ""HC0061"", ""HC0068"", ""HC0074"", ""HC0077"", ""HC0078"", ""HC0080"", ""HC0088"", ""HC0102"", ""HC0113"", ""HC0115"", ""HC0133"", ""HC0149"", ""HC0154"", ""HC0171"", ""HC0180"", ""HC0186"", ""HC0197"", ""HC0208"", ""HC0209"", ""HC0215"", ""HC0219"", ""HC0224"", ""HC0228""]",9.575,2,10.0
sku-HC0034,Review reactivation of Manic Panic Classic Cream Light Blonde (HC0034),Review reactivation,Validate first,Needs context,"Source fields support a review; a single snapshot does not establish the cause, commercial feasibility or probability of success.","Inactive, but the market-demand proxy is €196,865.95 and growing +12.0%. The reason for inactivity is not supplied.","Establish why the item is inactive and whether the demand signal is relevant. Check supply, product role and commercial terms before a reactivation trial.",Category manager,"Documented range decision; if trialled, units and gross profit against an agreed baseline.",,Not estimated,12 weeks,No defensible monetary estimate from the supplied data.,"[""An investigation is recommended; financial impact is not established.""]",[],"[""One 12-week aggregate and current status/stock fields; the period end and stock duration are not supplied."", ""Market revenue is a demand proxy, not a verified addressable sales pool.""]","[{""file"": ""sku_performance.csv"", ""record_id"": ""HC0034"", ""row_number"": 35}, {""file"": ""product_metadata.csv"", ""record_id"": ""HC0034"", ""row_number"": 35}, {""file"": ""competitor_market_signals.csv"", ""record_id"": ""CM009"", ""row_number"": 10}, {""file"": ""competitor_market_signals.csv"", ""record_id"": ""CM054"", ""row_number"": 55}, {""file"": ""competitor_market_signals.csv"", ""record_id"": ""CM056"", ""row_number"": 57}, {""file"": ""competitor_market_signals.csv"", ""record_id"": ""CM058"", ""row_number"": 59}]","[{""brand"": ""Crazy Color"", ""name"": ""Crazy Color Permanent Dark Blonde"", ""observed_date"": ""2026-07-01"", ""price_eur"": 29.23, ""record_id"": ""CM009"", ""signal_score_0_100"": 43.7, ""signal_valid"": true, ""source"": ""tiktok_shop_signal"", ""trend_score_12w_pct"": 0.628}, {""brand"": ""Manic Panic"", ""name"": ""Manic Panic Semi-Permanent Light Blonde"", ""observed_date"": ""2026-07-01"", ""price_eur"": 17.43, ""record_id"": ""CM054"", ""signal_score_0_100"": 67.6, ""signal_valid"": true, ""source"": ""amazon.de"", ""trend_score_12w_pct"": 0.387}, {""brand"": ""Revlon"", ""name"": ""Revlon Gloss Dark Blonde"", ""observed_date"": ""2026-07-01"", ""price_eur"": 16.14, ""record_id"": ""CM056"", ""signal_score_0_100"": 103.0, ""signal_valid"": false, ""source"": ""flaconi.de"", ""trend_score_12w_pct"": -0.309}, {""brand"": ""Wella"", ""name"": ""Wella Gloss Honey Blonde"", ""observed_date"": ""2026-07-01"", ""price_eur"": 23.49, ""record_id"": ""CM058"", ""signal_score_0_100"": 12.5, ""signal_valid"": true, ""source"": ""google_trends"", ""trend_score_12w_pct"": 0.236}]",HC0034,Manic Panic Classic Cream Light Blonde,Manic Panic,Permanent Color,Blonde,Indie Color Imports,False,inaktiv,in_stock,Evergreen,1 kit,7.44,24277.45,3469,0.243,0.101,196865.95,0.12,12.331970053734533,7.216658873886855,0.391,50,"[""HC0001"", ""HC0008"", ""HC0011"", ""HC0013"", ""HC0015"", ""HC0017"", ""HC0018"", ""HC0025"", ""HC0028"", ""HC0032"", ""HC0037"", ""HC0040"", ""HC0041"", ""HC0048"", ""HC0049"", ""HC0051"", ""HC0064"", ""HC0083"", ""HC0094"", ""HC0096"", ""HC0099"", ""HC0105"", ""HC0106"", ""HC0110"", ""HC0112"", ""HC0120"", ""HC0123"", ""HC0131"", ""HC0132"", ""HC0142"", ""HC0146"", ""HC0159"", ""HC0167"", ""HC0170"", ""HC0172"", ""HC0176"", ""HC0177"", ""HC0179"", ""HC0182"", ""HC0184"", ""HC0190"", ""HC0191"", ""HC0195"", ""HC0201"", ""HC0206"", ""HC0207"", ""HC0211"", ""HC0212"", ""HC0222"", ""HC0231""]",20.46,4,4.0
sku-HC0079,Review reactivation of John Frieda Defy Grey Dark Blonde (HC0079),Review reactivation,Validate first,Needs context,"Source fields support a review; a single snapshot does not establish the cause, commercial feasibility or probability of success.","Inactive, but the market-demand proxy is €183,359.80 and growing +14.3%. The reason for inactivity is not supplied.","Establish why the item is inactive and whether the demand signal is relevant. Check supply, product role and commercial terms before a reactivation trial.",Category manager,"Documented range decision; if trialled, units and gross profit against an agreed baseline.",,Not estimated,12 weeks,No defensible monetary estimate from the supplied data.,"[""An investigation is recommended; financial impact is not established.""]",[],"[""One 12-week aggregate and current status/stock fields; the period end and stock duration are not supplied."", ""Market revenue is a demand proxy, not a verified addressable sales pool.""]","[{""file"": ""sku_performance.csv"", ""record_id"": ""HC0079"", ""row_number"": 80}, {""file"": ""product_metadata.csv"", ""record_id"": ""HC0079"", ""row_number"": 80}, {""file"": ""competitor_market_signals.csv"", ""record_id"": ""CM009"", ""row_number"": 10}, {""file"": ""competitor_market_signals.csv"", ""record_id"": ""CM054"", ""row_number"": 55}, {""file"": ""competitor_market_signals.csv"", ""record_id"": ""CM056"", ""row_number"": 57}, {""file"": ""competitor_market_signals.csv"", ""record_id"": ""CM058"", ""row_number"": 59}]","[{""brand"": ""Crazy Color"", ""name"": ""Crazy Color Permanent Dark Blonde"", ""observed_date"": ""2026-07-01"", ""price_eur"": 29.23, ""record_id"": ""CM009"", ""signal_score_0_100"": 43.7, ""signal_valid"": true, ""source"": ""tiktok_shop_signal"", ""trend_score_12w_pct"": 0.628}, {""brand"": ""Manic Panic"", ""name"": ""Manic Panic Semi-Permanent Light Blonde"", ""observed_date"": ""2026-07-01"", ""price_eur"": 17.43, ""record_id"": ""CM054"", ""signal_score_0_100"": 67.6, ""signal_valid"": true, ""source"": ""amazon.de"", ""trend_score_12w_pct"": 0.387}, {""brand"": ""Revlon"", ""name"": ""Revlon Gloss Dark Blonde"", ""observed_date"": ""2026-07-01"", ""price_eur"": 16.14, ""record_id"": ""CM056"", ""signal_score_0_100"": 103.0, ""signal_valid"": false, ""source"": ""flaconi.de"", ""trend_score_12w_pct"": -0.309}, {""brand"": ""Wella"", ""name"": ""Wella Gloss Honey Blonde"", ""observed_date"": ""2026-07-01"", ""price_eur"": 23.49, ""record_id"": ""CM058"", ""signal_score_0_100"": 12.5, ""signal_valid"": true, ""source"": ""google_trends"", ""trend_score_12w_pct"": 0.236}]",HC0079,John Frieda Defy Grey Dark Blonde,John Frieda,Permanent Color,Blonde,Henkel Beauty Care,False,inaktiv,in_stock,Evergreen,1 kit,13.42,10637.29,788,0.22,0.321,183359.8,0.143,5.801320682068808,7.216658873886855,0.391,50,"[""HC0001"", ""HC0008"", ""HC0011"", ""HC0013"", ""HC0015"", ""HC0017"", ""HC0018"", ""HC0025"", ""HC0028"", ""HC0032"", ""HC0037"", ""HC0040"", ""HC0041"", ""HC0048"", ""HC0049"", ""HC0051"", ""HC0064"", ""HC0083"", ""HC0094"", ""HC0096"", ""HC0099"", ""HC0105"", ""HC0106"", ""HC0110"", ""HC0112"", ""HC0120"", ""HC0123"", ""HC0131"", ""HC0132"", ""HC0142"", ""HC0146"", ""HC0159"", ""HC0167"", ""HC0170"", ""HC0172"", ""HC0176"", ""HC0177"", ""HC0179"", ""HC0182"", ""HC0184"", ""HC0190"", ""HC0191"", ""HC0195"", ""HC0201"", ""HC0206"", ""HC0207"", ""HC0211"", ""HC0212"", ""HC0222"", ""HC0231""]",20.46,4,12.0
sku-HC0134,Review reactivation of dpHUE Root Touch-Up Kit Blue Black (HC0134),Review reactivation,Validate first,Needs context,"Source fields support a review; a single snapshot does not establish the cause, commercial feasibility or probability of success.","Inactive, but the market-demand proxy is €174,186.25 and growing +24.1%. The reason for inactivity is not supplied.","Establish why the item is inactive and whether the demand signal is relevant. Check supply, product role and commercial terms before a reactivation trial.",Category manager,"Documented range decision; if trialled, units and gross profit against an agreed baseline.",,Not estimated,12 weeks,No defensible monetary estimate from the supplied data.,"[""An investigation is recommended; financial impact is not established.""]",[],"[""One 12-week aggregate and current status/stock fields; the period end and stock duration are not supplied."", ""Market revenue is a demand proxy, not a verified addressable sales pool.""]","[{""file"": ""sku_performance.csv"", ""record_id"": ""HC0134"", ""row_number"": 135}, {""file"": ""product_metadata.csv"", ""record_id"": ""HC0134"", ""row_number"": 135}, {""file"": ""competitor_market_signals.csv"", ""record_id"": ""CM043"", ""row_number"": 44}]","[{""brand"": ""Herbatint"", ""name"": ""Herbatint Semi-Permanent Soft Black"", ""observed_date"": ""2026-07-01"", ""price_eur"": 19.9, ""record_id"": ""CM043"", ""signal_score_0_100"": 89.2, ""signal_valid"": true, ""source"": ""flaconi.de"", ""trend_score_12w_pct"": -0.152}]",HC0134,dpHUE Root Touch-Up Kit Blue Black,dpHUE,Permanent Color,Black,Labo Natural,False,inaktiv,in_stock,Evergreen,60 ml,21.41,12359.05,536,0.335,0.073,174186.25,0.241,7.095307465428529,7.216658873886855,0.391,50,"[""HC0001"", ""HC0008"", ""HC0011"", ""HC0013"", ""HC0015"", ""HC0017"", ""HC0018"", ""HC0025"", ""HC0028"", ""HC0032"", ""HC0037"", ""HC0040"", ""HC0041"", ""HC0048"", ""HC0049"", ""HC0051"", ""HC0064"", ""HC0083"", ""HC0094"", ""HC0096"", ""HC0099"", ""HC0105"", ""HC0106"", ""HC0110"", ""HC0112"", ""HC0120"", ""HC0123"", ""HC0131"", ""HC0132"", ""HC0142"", ""HC0146"", ""HC0159"", ""HC0167"", ""HC0170"", ""HC0172"", ""HC0176"", ""HC0177"", ""HC0179"", ""HC0182"", ""HC0184"", ""HC0190"", ""HC0191"", ""HC0195"", ""HC0201"", ""HC0206"", ""HC0207"", ""HC0211"", ""HC0212"", ""HC0222"", ""HC0231""]",19.9,1,6.0
sku-HC0085,Review reactivation of Bleach London White Toner Deep Auburn (HC0085),Review reactivation,Validate first,Needs context,"Source fields support a review; a single snapshot does not establish the cause, commercial feasibility or probability of success.","Inactive, but the market-demand proxy is €121,014.24 and growing +5.6%. The reason for inactivity is not supplied.","Establish why the item is inactive and whether the demand signal is relevant. Check supply, product role and commercial terms before a reactivation trial.",Category manager,"Documented range decision; if trialled, units and gross profit against an agreed baseline.",,Not estimated,12 weeks,No defensible monetary estimate from the supplied data.,"[""An investigation is recommended; financial impact is not established.""]",[],"[""One 12-week aggregate and current status/stock fields; the period end and stock duration are not supplied."", ""Market revenue is a demand proxy, not a verified addressable sales pool.""]","[{""file"": ""sku_performance.csv"", ""record_id"": ""HC0085"", ""row_number"": 86}, {""file"": ""product_metadata.csv"", ""record_id"": ""HC0085"", ""row_number"": 86}]",[],HC0085,Bleach London White Toner Deep Auburn,Bleach London,Root Touch-Up,Auburn,Beauty Direct EU,False,inaktiv,low_stock,Evergreen,1 kit,15.3,4282.82,244,0.193,-0.041,121014.24,0.056,3.539104158320541,5.440241102241644,0.361,26,"[""HC0005"", ""HC0020"", ""HC0042"", ""HC0046"", ""HC0052"", ""HC0056"", ""HC0071"", ""HC0075"", ""HC0076"", ""HC0084"", ""HC0086"", ""HC0090"", ""HC0145"", ""HC0148"", ""HC0155"", ""HC0156"", ""HC0157"", ""HC0161"", ""HC0174"", ""HC0178"", ""HC0181"", ""HC0189"", ""HC0203"", ""HC0204"", ""HC0213"", ""HC0217""]",,0,8.0
sku-HC0124,Review reactivation of Syoss Oleo Intense Honey Blonde (HC0124),Review reactivation,Validate first,Needs context,"Source fields support a review; a single snapshot does not establish the cause, commercial feasibility or probability of success.","Inactive, but the market-demand proxy is €80,280.14 and growing +43.2%. The reason for inactivity is not supplied.","Establish why the item is inactive and whether the demand signal is relevant. Check supply, product role and commercial terms before a reactivation trial.",Category manager,"Documented range decision; if trialled, units and gross profit against an agreed baseline.",,Not estimated,12 weeks,No defensible monetary estimate from the supplied data.,"[""An investigation is recommended; financial impact is not established.""]",[],"[""One 12-week aggregate and current status/stock fields; the period end and stock duration are not supplied."", ""Market revenue is a demand proxy, not a verified addressable sales pool.""]","[{""file"": ""sku_performance.csv"", ""record_id"": ""HC0124"", ""row_number"": 125}, {""file"": ""product_metadata.csv"", ""record_id"": ""HC0124"", ""row_number"": 125}, {""file"": ""competitor_market_signals.csv"", ""record_id"": ""CM066"", ""row_number"": 67}]","[{""brand"": ""Manic Panic"", ""name"": ""Manic Panic Care Dark Blonde"", ""observed_date"": ""2026-07-01"", ""price_eur"": 7.4, ""record_id"": ""CM066"", ""signal_score_0_100"": 24.2, ""signal_valid"": true, ""source"": ""amazon.de"", ""trend_score_12w_pct"": 0.163}]",HC0124,Syoss Oleo Intense Honey Blonde,Syoss,Toner / Gloss,Blonde,Labo Natural,False,inaktiv,in_stock,Evergreen,2 x 1 kit,6.39,4666.01,828,0.206,0.452,80280.14,0.432,5.812159769527058,5.1430535919575835,0.412,11,"[""HC0045"", ""HC0050"", ""HC0066"", ""HC0097"", ""HC0121"", ""HC0153"", ""HC0158"", ""HC0163"", ""HC0185"", ""HC0226"", ""HC0233""]",7.4,1,4.0
sku-HC0003,Review reactivation of Arctic Fox Semi Permanent Electric Blue (HC0003),Review reactivation,Validate first,Needs context,"Source fields support a review; a single snapshot does not establish the cause, commercial feasibility or probability of success.","Inactive, but the market-demand proxy is €72,500.00 and growing +27.0%. The reason for inactivity is not supplied.","Establish why the item is inactive and whether the demand signal is relevant. Check supply, product role and commercial terms before a reactivation trial.",Category manager,"Documented range decision; if trialled, units and gross profit against an agreed baseline.",,Not estimated,12 weeks,No defensible monetary estimate from the supplied data.,"[""An investigation is recommended; financial impact is not established.""]",[],"[""One 12-week aggregate and current status/stock fields; the period end and stock duration are not supplied."", ""Market revenue is a demand proxy, not a verified addressable sales pool.""]","[{""file"": ""sku_performance.csv"", ""record_id"": ""HC0003"", ""row_number"": 4}, {""file"": ""product_metadata.csv"", ""record_id"": ""HC0003"", ""row_number"": 4}, {""file"": ""competitor_market_signals.csv"", ""record_id"": ""CM001"", ""row_number"": 2}, {""file"": ""competitor_market_signals.csv"", ""record_id"": ""CM034"", ""row_number"": 35}]","[{""brand"": ""Manic Panic"", ""name"": ""Manic Panic High Voltage Ultra Violet"", ""observed_date"": ""2026-07-01"", ""price_eur"": 11.99, ""record_id"": ""CM001"", ""signal_score_0_100"": 96.0, ""signal_valid"": true, ""source"": ""amazon.de"", ""trend_score_12w_pct"": 0.58}, {""brand"": ""Madison Reed"", ""name"": ""Madison Reed Root Ultra Violet"", ""observed_date"": ""2026-07-01"", ""price_eur"": 7.16, ""record_id"": ""CM034"", ""signal_score_0_100"": 7.1, ""signal_valid"": true, ""source"": ""flaconi.de"", ""trend_score_12w_pct"": 0.038}]",HC0003,Arctic Fox Semi Permanent Electric Blue,Arctic Fox,Semi-Permanent / Fashion Color,Vivid,P&G Beauty,False,inaktiv,out_of_stock,Evergreen,2 x 1 kit,14.21,0.0,0,0.455,-0.23,72500.0,0.27,0.0,4.215972941094782,0.363,27,"[""HC0038"", ""HC0055"", ""HC0057"", ""HC0059"", ""HC0061"", ""HC0068"", ""HC0074"", ""HC0077"", ""HC0078"", ""HC0080"", ""HC0088"", ""HC0102"", ""HC0113"", ""HC0115"", ""HC0133"", ""HC0149"", ""HC0154"", ""HC0171"", ""HC0180"", ""HC0186"", ""HC0197"", ""HC0208"", ""HC0209"", ""HC0215"", ""HC0219"", ""HC0224"", ""HC0228""]",9.575,2,8.0
sku-HC0010,Review reactivation of Manic Panic Classic Cream Ultra Violet (HC0010),Review reactivation,Validate first,Needs context,"Source fields support a review; a single snapshot does not establish the cause, commercial feasibility or probability of success.","Inactive, but the market-demand proxy is €71,115.63 and growing +24.6%. The reason for inactivity is not supplied.","Establish why the item is inactive and whether the demand signal is relevant. Check supply, product role and commercial terms before a reactivation trial.",Category manager,"Documented range decision; if trialled, units and gross profit against an agreed baseline.",,Not estimated,12 weeks,No defensible monetary estimate from the supplied data.,"[""An investigation is recommended; financial impact is not established.""]",[],"[""One 12-week aggregate and current status/stock fields; the period end and stock duration are not supplied."", ""Market revenue is a demand proxy, not a verified addressable sales pool.""]","[{""file"": ""sku_performance.csv"", ""record_id"": ""HC0010"", ""row_number"": 11}, {""file"": ""product_metadata.csv"", ""record_id"": ""HC0010"", ""row_number"": 11}, {""file"": ""competitor_market_signals.csv"", ""record_id"": ""CM001"", ""row_number"": 2}, {""file"": ""competitor_market_signals.csv"", ""record_id"": ""CM034"", ""row_number"": 35}]","[{""brand"": ""Manic Panic"", ""name"": ""Manic Panic High Voltage Ultra Violet"", ""observed_date"": ""2026-07-01"", ""price_eur"": 11.99, ""record_id"": ""CM001"", ""signal_score_0_100"": 96.0, ""signal_valid"": true, ""source"": ""amazon.de"", ""trend_score_12w_pct"": 0.58}, {""brand"": ""Madison Reed"", ""name"": ""Madison Reed Root Ultra Violet"", ""observed_date"": ""2026-07-01"", ""price_eur"": 7.16, ""record_id"": ""CM034"", ""signal_score_0_100"": 7.1, ""signal_valid"": true, ""source"": ""flaconi.de"", ""trend_score_12w_pct"": 0.038}]",HC0010,Manic Panic Classic Cream Ultra Violet,Manic Panic,Semi-Permanent / Fashion Color,Vivid,Indie Color Imports,False,inaktiv,in_stock,Evergreen,2 x 1 kit,7.24,3749.33,536,0.383,0.401,71115.63,0.246,5.272160283189504,4.215972941094782,0.363,27,"[""HC0038"", ""HC0055"", ""HC0057"", ""HC0059"", ""HC0061"", ""HC0068"", ""HC0074"", ""HC0077"", ""HC0078"", ""HC0080"", ""HC0088"", ""HC0102"", ""HC0113"", ""HC0115"", ""HC0133"", ""HC0149"", ""HC0154"", ""HC0171"", ""HC0180"", ""HC0186"", ""HC0197"", ""HC0208"", ""HC0209"", ""HC0215"", ""HC0219"", ""HC0224"", ""HC0228""]",9.575,2,12.0
sku-HC0166,Review reactivation of Syoss Gloss Sensation Dark Blonde (HC0166),Review reactivation,Validate first,Needs context,"Source fields support a review; a single snapshot does not establish the cause, commercial feasibility or probability of success.","Inactive, but the market-demand proxy is €53,788.58 and growing +47.7%. The reason for inactivity is not supplied.","Establish why the item is inactive and whether the demand signal is relevant. Check supply, product role and commercial terms before a reactivation trial.",Category manager,"Documented range decision; if trialled, units and gross profit against an agreed baseline.",,Not estimated,12 weeks,No defensible monetary estimate from the supplied data.,"[""An investigation is recommended; financial impact is not established.""]",[],"[""One 12-week aggregate and current status/stock fields; the period end and stock duration are not supplied."", ""Market revenue is a demand proxy, not a verified addressable sales pool.""]","[{""file"": ""sku_performance.csv"", ""record_id"": ""HC0166"", ""row_number"": 167}, {""file"": ""product_metadata.csv"", ""record_id"": ""HC0166"", ""row_number"": 167}, {""file"": ""competitor_market_signals.csv"", ""record_id"": ""CM009"", ""row_number"": 10}, {""file"": ""competitor_market_signals.csv"", ""record_id"": ""CM054"", ""row_number"": 55}, {""file"": ""competitor_market_signals.csv"", ""record_id"": ""CM056"", ""row_number"": 57}, {""file"": ""competitor_market_signals.csv"", ""record_id"": ""CM058"", ""row_number"": 59}]","[{""brand"": ""Crazy Color"", ""name"": ""Crazy Color Permanent Dark Blonde"", ""observed_date"": ""2026-07-01"", ""price_eur"": 29.23, ""record_id"": ""CM009"", ""signal_score_0_100"": 43.7, ""signal_valid"": true, ""source"": ""tiktok_shop_signal"", ""trend_score_12w_pct"": 0.628}, {""brand"": ""Manic Panic"", ""name"": ""Manic Panic Semi-Permanent Light Blonde"", ""observed_date"": ""2026-07-01"", ""price_eur"": 17.43, ""record_id"": ""CM054"", ""signal_score_0_100"": 67.6, ""signal_valid"": true, ""source"": ""amazon.de"", ""trend_score_12w_pct"": 0.387}, {""brand"": ""Revlon"", ""name"": ""Revlon Gloss Dark Blonde"", ""observed_date"": ""2026-07-01"", ""price_eur"": 16.14, ""record_id"": ""CM056"", ""signal_score_0_100"": 103.0, ""signal_valid"": false, ""source"": ""flaconi.de"", ""trend_score_12w_pct"": -0.309}, {""brand"": ""Wella"", ""name"": ""Wella Gloss Honey Blonde"", ""observed_date"": ""2026-07-01"", ""price_eur"": 23.49, ""record_id"": ""CM058"", ""signal_score_0_100"": 12.5, ""signal_valid"": true, ""source"": ""google_trends"", ""trend_score_12w_pct"": 0.236}]",HC0166,Syoss Gloss Sensation Dark Blonde,Syoss,Permanent Color,Blonde,P&G Beauty,False,inaktiv,low_stock,Evergreen,1 kit,8.91,6107.74,782,0.253,0.35,53788.58,0.477,11.35508689762771,7.216658873886855,0.391,50,"[""HC0001"", ""HC0008"", ""HC0011"", ""HC0013"", ""HC0015"", ""HC0017"", ""HC0018"", ""HC0025"", ""HC0028"", ""HC0032"", ""HC0037"", ""HC0040"", ""HC0041"", ""HC0048"", ""HC0049"", ""HC0051"", ""HC0064"", ""HC0083"", ""HC0094"", ""HC0096"", ""HC0099"", ""HC0105"", ""HC0106"", ""HC0110"", ""HC0112"", ""HC0120"", ""HC0123"", ""HC0131"", ""HC0132"", ""HC0142"", ""HC0146"", ""HC0159"", ""HC0167"", ""HC0170"", ""HC0172"", ""HC0176"", ""HC0177"", ""HC0179"", ""HC0182"", ""HC0184"", ""HC0190"", ""HC0191"", ""HC0195"", ""HC0201"", ""HC0206"", ""HC0207"", ""HC0211"", ""HC0212"", ""HC0222"", ""HC0231""]",20.46,4,10.0
sku-HC0109,Review reactivation of Revlon Colorsilk Electric Blue (HC0109),Review reactivation,Validate first,Needs context,"Source fields support a review; a single snapshot does not establish the cause, commercial feasibility or probability of success.","Inactive, but the market-demand proxy is €45,680.10 and growing +61.6%. The reason for inactivity is not supplied.","Establish why the item is inactive and whether the demand signal is relevant. Check supply, product role and commercial terms before a reactivation trial.",Category manager,"Documented range decision; if trialled, units and gross profit against an agreed baseline.",,Not estimated,12 weeks,No defensible monetary estimate from the supplied data.,"[""An investigation is recommended; financial impact is not established.""]",[],"[""One 12-week aggregate and current status/stock fields; the period end and stock duration are not supplied."", ""Market revenue is a demand proxy, not a verified addressable sales pool.""]","[{""file"": ""sku_performance.csv"", ""record_id"": ""HC0109"", ""row_number"": 110}, {""file"": ""product_metadata.csv"", ""record_id"": ""HC0109"", ""row_number"": 110}, {""file"": ""competitor_market_signals.csv"", ""record_id"": ""CM001"", ""row_number"": 2}, {""file"": ""competitor_market_signals.csv"", ""record_id"": ""CM034"", ""row_number"": 35}]","[{""brand"": ""Manic Panic"", ""name"": ""Manic Panic High Voltage Ultra Violet"", ""observed_date"": ""2026-07-01"", ""price_eur"": 11.99, ""record_id"": ""CM001"", ""signal_score_0_100"": 96.0, ""signal_valid"": true, ""source"": ""amazon.de"", ""trend_score_12w_pct"": 0.58}, {""brand"": ""Madison Reed"", ""name"": ""Madison Reed Root Ultra Violet"", ""observed_date"": ""2026-07-01"", ""price_eur"": 7.16, ""record_id"": ""CM034"", ""signal_score_0_100"": 7.1, ""signal_valid"": true, ""source"": ""flaconi.de"", ""trend_score_12w_pct"": 0.038}]",HC0109,Revlon Colorsilk Electric Blue,Revlon,Semi-Permanent / Fashion Color,Vivid,Beauty Direct EU,False,inaktiv,out_of_stock,Evergreen,150 ml,8.57,2826.66,394,0.218,0.513,45680.1,0.616,6.187946173497869,4.215972941094782,0.363,27,"[""HC0038"", ""HC0055"", ""HC0057"", ""HC0059"", ""HC0061"", ""HC0068"", ""HC0074"", ""HC0077"", ""HC0078"", ""HC0080"", ""HC0088"", ""HC0102"", ""HC0113"", ""HC0115"", ""HC0133"", ""HC0149"", ""HC0154"", ""HC0171"", ""HC0180"", ""HC0186"", ""HC0197"", ""HC0208"", ""HC0209"", ""HC0215"", ""HC0219"", ""HC0224"", ""HC0228""]",9.575,2,4.0
sku-HC0114,Review reactivation of Arctic Fox Resurrected Espresso Brown (HC0114),Review reactivation,Validate first,Needs context,"Source fields support a review; a single snapshot does not establish the cause, commercial feasibility or probability of success.","Inactive, but the market-demand proxy is €41,652.42 and growing +25.8%. The reason for inactivity is not supplied.","Establish why the item is inactive and whether the demand signal is relevant. Check supply, product role and commercial terms before a reactivation trial.",Category manager,"Documented range decision; if trialled, units and gross profit against an agreed baseline.",,Not estimated,12 weeks,No defensible monetary estimate from the supplied data.,"[""An investigation is recommended; financial impact is not established.""]",[],"[""One 12-week aggregate and current status/stock fields; the period end and stock duration are not supplied."", ""Market revenue is a demand proxy, not a verified addressable sales pool.""]","[{""file"": ""sku_performance.csv"", ""record_id"": ""HC0114"", ""row_number"": 115}, {""file"": ""product_metadata.csv"", ""record_id"": ""HC0114"", ""row_number"": 115}, {""file"": ""competitor_market_signals.csv"", ""record_id"": ""CM011"", ""row_number"": 12}]","[{""brand"": ""Kérastase Chroma Absolu"", ""name"": ""Kérastase Chroma Absolu Permanent Chocolate Brown"", ""observed_date"": ""2026-07-01"", ""price_eur"": 29.78, ""record_id"": ""CM011"", ""signal_score_0_100"": 56.6, ""signal_valid"": true, ""source"": ""google_trends"", ""trend_score_12w_pct"": -0.106}]",HC0114,Arctic Fox Resurrected Espresso Brown,Arctic Fox,Root Touch-Up,Dark Brown,P&G Beauty,False,inaktiv,in_stock,Evergreen,150 ml,14.45,4697.6,285,0.42,0.158,41652.42,0.258,11.27809620665498,5.440241102241644,0.361,26,"[""HC0005"", ""HC0020"", ""HC0042"", ""HC0046"", ""HC0052"", ""HC0056"", ""HC0071"", ""HC0075"", ""HC0076"", ""HC0084"", ""HC0086"", ""HC0090"", ""HC0145"", ""HC0148"", ""HC0155"", ""HC0156"", ""HC0157"", ""HC0161"", ""HC0174"", ""HC0178"", ""HC0181"", ""HC0189"", ""HC0203"", ""HC0204"", ""HC0213"", ""HC0217""]",29.78,1,5.0
sku-HC0036,Review reactivation of Clairol Root Touch-Up Almond Brown (HC0036),Review reactivation,Validate first,Needs context,"Source fields support a review; a single snapshot does not establish the cause, commercial feasibility or probability of success.","Inactive, but the market-demand proxy is €41,589.73 and growing +32.0%. The reason for inactivity is not supplied.","Establish why the item is inactive and whether the demand signal is relevant. Check supply, product role and commercial terms before a reactivation trial.",Category manager,"Documented range decision; if trialled, units and gross profit against an agreed baseline.",,Not estimated,12 weeks,No defensible monetary estimate from the supplied data.,"[""An investigation is recommended; financial impact is not established.""]",[],"[""One 12-week aggregate and current status/stock fields; the period end and stock duration are not supplied."", ""Market revenue is a demand proxy, not a verified addressable sales pool.""]","[{""file"": ""sku_performance.csv"", ""record_id"": ""HC0036"", ""row_number"": 37}, {""file"": ""product_metadata.csv"", ""record_id"": ""HC0036"", ""row_number"": 37}]",[],HC0036,Clairol Root Touch-Up Almond Brown,Clairol,Root Touch-Up,Light Brown,SalonPro Distribution,False,inaktiv,in_stock,Evergreen,100 ml,11.09,2758.51,215,0.462,0.361,41589.73,0.32,6.632671094522615,5.440241102241644,0.361,26,"[""HC0005"", ""HC0020"", ""HC0042"", ""HC0046"", ""HC0052"", ""HC0056"", ""HC0071"", ""HC0075"", ""HC0076"", ""HC0084"", ""HC0086"", ""HC0090"", ""HC0145"", ""HC0148"", ""HC0155"", ""HC0156"", ""HC0157"", ""HC0161"", ""HC0174"", ""HC0178"", ""HC0181"", ""HC0189"", ""HC0203"", ""HC0204"", ""HC0213"", ""HC0217""]",,0,8.0
sku-HC0140,Review reactivation of Schwarzkopf Blonde Espresso Brown (HC0140),Review reactivation,Validate first,Needs context,"Source fields support a review; a single snapshot does not establish the cause, commercial feasibility or probability of success.","Inactive, but the market-demand proxy is €39,738.42 and growing +25.2%. The reason for inactivity is not supplied.","Establish why the item is inactive and whether the demand signal is relevant. Check supply, product role and commercial terms before a reactivation trial.",Category manager,"Documented range decision; if trialled, units and gross profit against an agreed baseline.",,Not estimated,12 weeks,No defensible monetary estimate from the supplied data.,"[""An investigation is recommended; financial impact is not established.""]",[],"[""One 12-week aggregate and current status/stock fields; the period end and stock duration are not supplied."", ""Market revenue is a demand proxy, not a verified addressable sales pool.""]","[{""file"": ""sku_performance.csv"", ""record_id"": ""HC0140"", ""row_number"": 141}, {""file"": ""product_metadata.csv"", ""record_id"": ""HC0140"", ""row_number"": 141}, {""file"": ""competitor_market_signals.csv"", ""record_id"": ""CM011"", ""row_number"": 12}]","[{""brand"": ""Kérastase Chroma Absolu"", ""name"": ""Kérastase Chroma Absolu Permanent Chocolate Brown"", ""observed_date"": ""2026-07-01"", ""price_eur"": 29.78, ""record_id"": ""CM011"", ""signal_score_0_100"": 56.6, ""signal_valid"": true, ""source"": ""google_trends"", ""trend_score_12w_pct"": -0.106}]",HC0140,Schwarzkopf Blonde Espresso Brown,Schwarzkopf,Root Touch-Up,Dark Brown,Coty DACH,False,inaktiv,in_stock,Evergreen,200 ml,7.75,1113.59,145,0.249,0.351,39738.42,0.252,2.802300645068425,5.440241102241644,0.361,26,"[""HC0005"", ""HC0020"", ""HC0042"", ""HC0046"", ""HC0052"", ""HC0056"", ""HC0071"", ""HC0075"", ""HC0076"", ""HC0084"", ""HC0086"", ""HC0090"", ""HC0145"", ""HC0148"", ""HC0155"", ""HC0156"", ""HC0157"", ""HC0161"", ""HC0174"", ""HC0178"", ""HC0181"", ""HC0189"", ""HC0203"", ""HC0204"", ""HC0213"", ""HC0217""]",29.78,1,4.0
sku-HC0023,Review reactivation of Manic Panic High Voltage Mushroom Brown (HC0023),Review reactivation,Validate first,Needs context,"Source fields support a review; a single snapshot does not establish the cause, commercial feasibility or probability of success.","Inactive, but the market-demand proxy is €33,080.70 and growing +40.3%. The reason for inactivity is not supplied.","Establish why the item is inactive and whether the demand signal is relevant. Check supply, product role and commercial terms before a reactivation trial.",Category manager,"Documented range decision; if trialled, units and gross profit against an agreed baseline.",,Not estimated,12 weeks,No defensible monetary estimate from the supplied data.,"[""An investigation is recommended; financial impact is not established.""]",[],"[""One 12-week aggregate and current status/stock fields; the period end and stock duration are not supplied."", ""Market revenue is a demand proxy, not a verified addressable sales pool.""]","[{""file"": ""sku_performance.csv"", ""record_id"": ""HC0023"", ""row_number"": 24}, {""file"": ""product_metadata.csv"", ""record_id"": ""HC0023"", ""row_number"": 24}]",[],HC0023,Manic Panic High Voltage Mushroom Brown,Manic Panic,Permanent Color,Light Brown,Coty DACH,False,inaktiv,in_stock,Evergreen,2 x 1 kit,11.08,1256.71,115,0.201,0.502,33080.7,0.403,3.7989220300658695,7.216658873886855,0.391,50,"[""HC0001"", ""HC0008"", ""HC0011"", ""HC0013"", ""HC0015"", ""HC0017"", ""HC0018"", ""HC0025"", ""HC0028"", ""HC0032"", ""HC0037"", ""HC0040"", ""HC0041"", ""HC0048"", ""HC0049"", ""HC0051"", ""HC0064"", ""HC0083"", ""HC0094"", ""HC0096"", ""HC0099"", ""HC0105"", ""HC0106"", ""HC0110"", ""HC0112"", ""HC0120"", ""HC0123"", ""HC0131"", ""HC0132"", ""HC0142"", ""HC0146"", ""HC0159"", ""HC0167"", ""HC0170"", ""HC0172"", ""HC0176"", ""HC0177"", ""HC0179"", ""HC0182"", ""HC0184"", ""HC0190"", ""HC0191"", ""HC0195"", ""HC0201"", ""HC0206"", ""HC0207"", ""HC0211"", ""HC0212"", ""HC0222"", ""HC0231""]",,0,4.0
sku-HC0033,Review reactivation of Directions Pastel Toner Mushroom Brown (HC0033),Review reactivation,Validate first,Needs context,"Source fields support a review; a single snapshot does not establish the cause, commercial feasibility or probability of success.","Inactive, but the market-demand proxy is €22,010.83 and growing +48.6%. The reason for inactivity is not supplied.","Establish why the item is inactive and whether the demand signal is relevant. Check supply, product role and commercial terms before a reactivation trial.",Category manager,"Documented range decision; if trialled, units and gross profit against an agreed baseline.",,Not estimated,12 weeks,No defensible monetary estimate from the supplied data.,"[""An investigation is recommended; financial impact is not established.""]",[],"[""One 12-week aggregate and current status/stock fields; the period end and stock duration are not supplied."", ""Market revenue is a demand proxy, not a verified addressable sales pool.""]","[{""file"": ""sku_performance.csv"", ""record_id"": ""HC0033"", ""row_number"": 34}, {""file"": ""product_metadata.csv"", ""record_id"": ""HC0033"", ""row_number"": 34}]",[],HC0033,Directions Pastel Toner Mushroom Brown,Directions,Color Care Add-on,Light Brown,Labo Natural,False,inaktiv,in_stock,Evergreen,150 ml,16.93,533.73,31,0.309,0.52,22010.83,0.486,2.424851766153298,2.624143922628283,0.406,5,"[""HC0093"", ""HC0107"", ""HC0128"", ""HC0138"", ""HC0192""]",,0,8.0
sku-HC0223,Review reactivation of John Frieda Defy Grey Mushroom Brown (HC0223),Review reactivation,Validate first,Needs context,"Source fields support a review; a single snapshot does not establish the cause, commercial feasibility or probability of success.","Inactive, but the market-demand proxy is €17,323.24 and growing +53.2%. The reason for inactivity is not supplied.","Establish why the item is inactive and whether the demand signal is relevant. Check supply, product role and commercial terms before a reactivation trial.",Category manager,"Documented range decision; if trialled, units and gross profit against an agreed baseline.",,Not estimated,12 weeks,No defensible monetary estimate from the supplied data.,"[""An investigation is recommended; financial impact is not established.""]",[],"[""One 12-week aggregate and current status/stock fields; the period end and stock duration are not supplied."", ""Market revenue is a demand proxy, not a verified addressable sales pool.""]","[{""file"": ""sku_performance.csv"", ""record_id"": ""HC0223"", ""row_number"": 224}, {""file"": ""product_metadata.csv"", ""record_id"": ""HC0223"", ""row_number"": 224}]",[],HC0223,John Frieda Defy Grey Mushroom Brown,John Frieda,Permanent Color,Light Brown,SalonPro Distribution,False,inaktiv,in_stock,Evergreen,2 x 1 kit,15.65,0.0,0,0.198,0.398,17323.24,0.532,0.0,7.216658873886855,0.391,50,"[""HC0001"", ""HC0008"", ""HC0011"", ""HC0013"", ""HC0015"", ""HC0017"", ""HC0018"", ""HC0025"", ""HC0028"", ""HC0032"", ""HC0037"", ""HC0040"", ""HC0041"", ""HC0048"", ""HC0049"", ""HC0051"", ""HC0064"", ""HC0083"", ""HC0094"", ""HC0096"", ""HC0099"", ""HC0105"", ""HC0106"", ""HC0110"", ""HC0112"", ""HC0120"", ""HC0123"", ""HC0131"", ""HC0132"", ""HC0142"", ""HC0146"", ""HC0159"", ""HC0167"", ""HC0170"", ""HC0172"", ""HC0176"", ""HC0177"", ""HC0179"", ""HC0182"", ""HC0184"", ""HC0190"", ""HC0191"", ""HC0195"", ""HC0201"", ""HC0206"", ""HC0207"", ""HC0211"", ""HC0212"", ""HC0222"", ""HC0231""]",,0,4.0
sku-HC0098,Review reactivation of Schwarzkopf Brilliance Light Golden Brown (HC0098),Review reactivation,Validate first,Needs context,"Source fields support a review; a single snapshot does not establish the cause, commercial feasibility or probability of success.","Inactive, but the market-demand proxy is €16,097.94 and growing +41.0%. The reason for inactivity is not supplied.","Establish why the item is inactive and whether the demand signal is relevant. Check supply, product role and commercial terms before a reactivation trial.",Category manager,"Documented range decision; if trialled, units and gross profit against an agreed baseline.",,Not estimated,12 weeks,No defensible monetary estimate from the supplied data.,"[""An investigation is recommended; financial impact is not established.""]",[],"[""One 12-week aggregate and current status/stock fields; the period end and stock duration are not supplied."", ""Market revenue is a demand proxy, not a verified addressable sales pool.""]","[{""file"": ""sku_performance.csv"", ""record_id"": ""HC0098"", ""row_number"": 99}, {""file"": ""product_metadata.csv"", ""record_id"": ""HC0098"", ""row_number"": 99}]",[],HC0098,Schwarzkopf Brilliance Light Golden Brown,Schwarzkopf,Color Care Add-on,Light Brown,P&G Beauty,False,inaktiv,in_stock,Evergreen,200 ml,10.74,22.4,2,0.346,0.329,16097.94,0.41,0.13914823884298239,2.624143922628283,0.406,5,"[""HC0093"", ""HC0107"", ""HC0128"", ""HC0138"", ""HC0192""]",,0,10.0
sku-HC0067,Review reactivation of Schwarzkopf Poly Palette Smoky Blonde (HC0067),Review reactivation,Validate first,Needs context,"Source fields support a review; a single snapshot does not establish the cause, commercial feasibility or probability of success.","Inactive, but the market-demand proxy is €9,514.88 and growing +65.9%. The reason for inactivity is not supplied.","Establish why the item is inactive and whether the demand signal is relevant. Check supply, product role and commercial terms before a reactivation trial.",Category manager,"Documented range decision; if trialled, units and gross profit against an agreed baseline.",,Not estimated,12 weeks,No defensible monetary estimate from the supplied data.,"[""An investigation is recommended; financial impact is not established.""]",[],"[""One 12-week aggregate and current status/stock fields; the period end and stock duration are not supplied."", ""Market revenue is a demand proxy, not a verified addressable sales pool.""]","[{""file"": ""sku_performance.csv"", ""record_id"": ""HC0067"", ""row_number"": 68}, {""file"": ""product_metadata.csv"", ""record_id"": ""HC0067"", ""row_number"": 68}, {""file"": ""competitor_market_signals.csv"", ""record_id"": ""CM002"", ""row_number"": 3}]","[{""brand"": ""Wella"", ""name"": ""Wella Shinefinity Pearl Blonde Gloss"", ""observed_date"": ""2026-07-01"", ""price_eur"": 14.49, ""record_id"": ""CM002"", ""signal_score_0_100"": 93.5, ""signal_valid"": true, ""source"": ""flaconi.de"", ""trend_score_12w_pct"": 0.44}]",HC0067,Schwarzkopf Poly Palette Smoky Blonde,Schwarzkopf,Toner / Gloss,Ash Blonde,Labo Natural,False,inaktiv,out_of_stock,Evergreen,60 ml,14.7,752.83,44,0.465,0.547,9514.88,0.659,7.912133416291116,5.1430535919575835,0.412,11,"[""HC0045"", ""HC0050"", ""HC0066"", ""HC0097"", ""HC0121"", ""HC0153"", ""HC0158"", ""HC0163"", ""HC0185"", ""HC0226"", ""HC0233""]",14.49,1,8.0
sku-HC0024,Review margin on Herbatint Permanent Herbal Color Natural Black (HC0024),Review margin,Next,Snapshot only,"Source fields support a review; a single snapshot does not establish the cause, commercial feasibility or probability of success.","Margin 24.6% is at or below the 26.7% threshold on €30,499.52 channel revenue. Validate cost and commercial terms.",Also verify current availability before making a volume-dependent commercial change. Validate cost and margin definitions and discuss supplier terms. Assess volume risk before any price change; the peer median is not a price target.,Buyer / commercial finance,"Gross profit and units sold, not margin percentage alone.",4422.43,Gross profit,12 weeks,"max(0, €30,499.52 x (0.391 - 0.246)) = €4,422.43","[""Benchmark: margin median of 50 other active, in-stock, selling SKUs in the subcategory."", ""Holds current revenue constant; changing price may alter demand. A peer margin is not an achievable supplier concession."", ""Additional gross profit, not additional revenue or net profit; costs of implementing the action are not supplied.""]",[],"[""One 12-week aggregate and current status/stock fields; the period end and stock duration are not supplied."", ""Market revenue is a demand proxy, not a verified addressable sales pool."", ""Current stock is out of stock. Verify supply before assuming the historical sales volume can continue.""]","[{""file"": ""sku_performance.csv"", ""record_id"": ""HC0024"", ""row_number"": 25}, {""file"": ""product_metadata.csv"", ""record_id"": ""HC0024"", ""row_number"": 25}, {""file"": ""competitor_market_signals.csv"", ""record_id"": ""CM043"", ""row_number"": 44}]","[{""brand"": ""Herbatint"", ""name"": ""Herbatint Semi-Permanent Soft Black"", ""observed_date"": ""2026-07-01"", ""price_eur"": 19.9, ""record_id"": ""CM043"", ""signal_score_0_100"": 89.2, ""signal_valid"": true, ""source"": ""flaconi.de"", ""trend_score_12w_pct"": -0.152}]",HC0024,Herbatint Permanent Herbal Color Natural Black,Herbatint,Permanent Color,Black,Indie Color Imports,False,aktiv,out_of_stock,Evergreen,200 ml,6.15,30499.52,5462,0.246,-0.139,522888.84,-0.111,5.832887923176941,7.216658873886855,0.391,50,"[""HC0001"", ""HC0008"", ""HC0011"", ""HC0013"", ""HC0015"", ""HC0017"", ""HC0018"", ""HC0025"", ""HC0028"", ""HC0032"", ""HC0037"", ""HC0040"", ""HC0041"", ""HC0048"", ""HC0049"", ""HC0051"", ""HC0064"", ""HC0083"", ""HC0094"", ""HC0096"", ""HC0099"", ""HC0105"", ""HC0106"", ""HC0110"", ""HC0112"", ""HC0120"", ""HC0123"", ""HC0131"", ""HC0132"", ""HC0142"", ""HC0146"", ""HC0159"", ""HC0167"", ""HC0170"", ""HC0172"", ""HC0176"", ""HC0177"", ""HC0179"", ""HC0182"", ""HC0184"", ""HC0190"", ""HC0191"", ""HC0195"", ""HC0201"", ""HC0206"", ""HC0207"", ""HC0211"", ""HC0212"", ""HC0222"", ""HC0231""]",19.9,1,5.0
sku-HC0015,Review margin on Naturtint Root Retouch Cool Ash Blonde (HC0015),Review margin,Next,Snapshot only,"Source fields support a review; a single snapshot does not establish the cause, commercial feasibility or probability of success.","Margin 20.8% is at or below the 26.7% threshold on €22,999.65 channel revenue. Validate cost and commercial terms.",Validate cost and margin definitions and discuss supplier terms. Assess volume risk before any price change; the peer median is not a price target.,Buyer / commercial finance,"Gross profit and units sold, not margin percentage alone.",4277.93,Gross profit,12 weeks,"max(0, €22,999.65 x (0.394 - 0.208)) = €4,277.93","[""Benchmark: margin median of 49 other active, in-stock, selling SKUs in the subcategory."", ""Holds current revenue constant; changing price may alter demand. A peer margin is not an achievable supplier concession."", ""Additional gross profit, not additional revenue or net profit; costs of implementing the action are not supplied.""]",[],"[""One 12-week aggregate and current status/stock fields; the period end and stock duration are not supplied."", ""Market revenue is a demand proxy, not a verified addressable sales pool.""]","[{""file"": ""sku_performance.csv"", ""record_id"": ""HC0015"", ""row_number"": 16}, {""file"": ""product_metadata.csv"", ""record_id"": ""HC0015"", ""row_number"": 16}, {""file"": ""competitor_market_signals.csv"", ""record_id"": ""CM053"", ""row_number"": 54}]","[{""brand"": ""Clairol"", ""name"": ""Clairol Color Cool Ash Blonde"", ""observed_date"": ""2026-07-01"", ""price_eur"": 16.97, ""record_id"": ""CM053"", ""signal_score_0_100"": 11.2, ""signal_valid"": true, ""source"": ""google_trends"", ""trend_score_12w_pct"": 0.011}]",HC0015,Naturtint Root Retouch Cool Ash Blonde,Naturtint,Permanent Color,Ash Blonde,SalonPro Distribution,False,aktiv,in_stock,Evergreen,2 x 1 kit,7.38,22999.65,3083,0.208,0.323,225683.01,0.269,10.191130471008872,7.099447513812154,0.394,49,"[""HC0001"", ""HC0008"", ""HC0011"", ""HC0013"", ""HC0017"", ""HC0018"", ""HC0025"", ""HC0028"", ""HC0032"", ""HC0037"", ""HC0040"", ""HC0041"", ""HC0048"", ""HC0049"", ""HC0051"", ""HC0064"", ""HC0083"", ""HC0094"", ""HC0096"", ""HC0099"", ""HC0105"", ""HC0106"", ""HC0110"", ""HC0112"", ""HC0120"", ""HC0123"", ""HC0131"", ""HC0132"", ""HC0142"", ""HC0146"", ""HC0159"", ""HC0167"", ""HC0170"", ""HC0172"", ""HC0176"", ""HC0177"", ""HC0179"", ""HC0182"", ""HC0184"", ""HC0190"", ""HC0191"", ""HC0195"", ""HC0201"", ""HC0206"", ""HC0207"", ""HC0211"", ""HC0212"", ""HC0222"", ""HC0231""]",16.97,1,12.0
sku-HC0096,Review margin on eSalon Custom Color Set Mocha Brown (HC0096),Review margin,Next,Snapshot only,"Source fields support a review; a single snapshot does not establish the cause, commercial feasibility or probability of success.","Margin 21.1% is at or below the 26.7% threshold on €17,170.56 channel revenue. Validate cost and commercial terms.",Validate cost and margin definitions and discuss supplier terms. Assess volume risk before any price change; the peer median is not a price target.,Buyer / commercial finance,"Gross profit and units sold, not margin percentage alone.",3142.21,Gross profit,12 weeks,"max(0, €17,170.56 x (0.394 - 0.211)) = €3,142.21","[""Benchmark: margin median of 49 other active, in-stock, selling SKUs in the subcategory."", ""Holds current revenue constant; changing price may alter demand. A peer margin is not an achievable supplier concession."", ""Additional gross profit, not additional revenue or net profit; costs of implementing the action are not supplied.""]",[],"[""One 12-week aggregate and current status/stock fields; the period end and stock duration are not supplied."", ""Market revenue is a demand proxy, not a verified addressable sales pool.""]","[{""file"": ""sku_performance.csv"", ""record_id"": ""HC0096"", ""row_number"": 97}, {""file"": ""product_metadata.csv"", ""record_id"": ""HC0096"", ""row_number"": 97}, {""file"": ""competitor_market_signals.csv"", ""record_id"": ""CM029"", ""row_number"": 30}]","[{""brand"": ""Crazy Color"", ""name"": ""Crazy Color Gloss Mocha Brown"", ""observed_date"": ""2026-07-01"", ""price_eur"": 7.17, ""record_id"": ""CM029"", ""signal_score_0_100"": 15.1, ""signal_valid"": true, ""source"": ""tiktok_shop_signal"", ""trend_score_12w_pct"": 0.234}]",HC0096,eSalon Custom Color Set Mocha Brown,eSalon,Permanent Color,Dark Brown,Indie Color Imports,False,aktiv,in_stock,Evergreen,1 kit,28.01,17170.56,690,0.211,0.295,225925.99,0.24,7.600081778993201,7.099447513812154,0.394,49,"[""HC0001"", ""HC0008"", ""HC0011"", ""HC0013"", ""HC0015"", ""HC0017"", ""HC0018"", ""HC0025"", ""HC0028"", ""HC0032"", ""HC0037"", ""HC0040"", ""HC0041"", ""HC0048"", ""HC0049"", ""HC0051"", ""HC0064"", ""HC0083"", ""HC0094"", ""HC0099"", ""HC0105"", ""HC0106"", ""HC0110"", ""HC0112"", ""HC0120"", ""HC0123"", ""HC0131"", ""HC0132"", ""HC0142"", ""HC0146"", ""HC0159"", ""HC0167"", ""HC0170"", ""HC0172"", ""HC0176"", ""HC0177"", ""HC0179"", ""HC0182"", ""HC0184"", ""HC0190"", ""HC0191"", ""HC0195"", ""HC0201"", ""HC0206"", ""HC0207"", ""HC0211"", ""HC0212"", ""HC0222"", ""HC0231""]",7.17,1,8.0
sku-HC0184,Review margin on Herbatint Vegetal Color Beach Blonde (HC0184),Review margin,Next,Snapshot only,"Source fields support a review; a single snapshot does not establish the cause, commercial feasibility or probability of success.","Margin 22.0% is at or below the 26.7% threshold on €14,346.47 channel revenue. Validate cost and commercial terms.",Validate cost and margin definitions and discuss supplier terms. Assess volume risk before any price change; the peer median is not a price target.,Buyer / commercial finance,"Gross profit and units sold, not margin percentage alone.",2496.29,Gross profit,12 weeks,"max(0, €14,346.47 x (0.394 - 0.22)) = €2,496.29","[""Benchmark: margin median of 49 other active, in-stock, selling SKUs in the subcategory."", ""Holds current revenue constant; changing price may alter demand. A peer margin is not an achievable supplier concession."", ""Additional gross profit, not additional revenue or net profit; costs of implementing the action are not supplied.""]",[],"[""One 12-week aggregate and current status/stock fields; the period end and stock duration are not supplied."", ""Market revenue is a demand proxy, not a verified addressable sales pool."", ""Summer item: verify the selling calendar before promotion, reactivation or clearance; the performance-window end is unknown.""]","[{""file"": ""sku_performance.csv"", ""record_id"": ""HC0184"", ""row_number"": 185}, {""file"": ""product_metadata.csv"", ""record_id"": ""HC0184"", ""row_number"": 185}, {""file"": ""competitor_market_signals.csv"", ""record_id"": ""CM026"", ""row_number"": 27}, {""file"": ""competitor_market_signals.csv"", ""record_id"": ""CM063"", ""row_number"": 64}]","[{""brand"": ""Bleach London"", ""name"": ""Bleach London Color Coral Rose"", ""observed_date"": ""2026-07-01"", ""price_eur"": 16.62, ""record_id"": ""CM026"", ""signal_score_0_100"": 89.3, ""signal_valid"": true, ""source"": ""dm.de"", ""trend_score_12w_pct"": -0.036}, {""brand"": ""got2b"", ""name"": ""got2b Color Coral Rose"", ""observed_date"": ""2026-07-01"", ""price_eur"": 11.35, ""record_id"": ""CM063"", ""signal_score_0_100"": 9.6, ""signal_valid"": true, ""source"": ""dm.de"", ""trend_score_12w_pct"": 0.197}]",HC0184,Herbatint Vegetal Color Beach Blonde,Herbatint,Permanent Color,Summer,Coty DACH,False,aktiv,in_stock,Summer,100 ml,7.54,14346.47,2000,0.22,-0.18,123563.64,-0.275,11.61059191846404,7.099447513812154,0.394,49,"[""HC0001"", ""HC0008"", ""HC0011"", ""HC0013"", ""HC0015"", ""HC0017"", ""HC0018"", ""HC0025"", ""HC0028"", ""HC0032"", ""HC0037"", ""HC0040"", ""HC0041"", ""HC0048"", ""HC0049"", ""HC0051"", ""HC0064"", ""HC0083"", ""HC0094"", ""HC0096"", ""HC0099"", ""HC0105"", ""HC0106"", ""HC0110"", ""HC0112"", ""HC0120"", ""HC0123"", ""HC0131"", ""HC0132"", ""HC0142"", ""HC0146"", ""HC0159"", ""HC0167"", ""HC0170"", ""HC0172"", ""HC0176"", ""HC0177"", ""HC0179"", ""HC0182"", ""HC0190"", ""HC0191"", ""HC0195"", ""HC0201"", ""HC0206"", ""HC0207"", ""HC0211"", ""HC0212"", ""HC0222"", ""HC0231""]",13.985,2,6.0
sku-HC0123,Review margin on Syoss Root Retoucher Warm Auburn (HC0123),Review margin,Next,Snapshot only,"Source fields support a review; a single snapshot does not establish the cause, commercial feasibility or probability of success.","Margin 25.0% is at or below the 26.7% threshold on €16,572.29 channel revenue. Validate cost and commercial terms.",Validate cost and margin definitions and discuss supplier terms. Assess volume risk before any price change; the peer median is not a price target.,Buyer / commercial finance,"Gross profit and units sold, not margin percentage alone.",2386.41,Gross profit,12 weeks,"max(0, €16,572.29 x (0.394 - 0.25)) = €2,386.41","[""Benchmark: margin median of 49 other active, in-stock, selling SKUs in the subcategory."", ""Holds current revenue constant; changing price may alter demand. A peer margin is not an achievable supplier concession."", ""Additional gross profit, not additional revenue or net profit; costs of implementing the action are not supplied.""]",[],"[""One 12-week aggregate and current status/stock fields; the period end and stock duration are not supplied."", ""Market revenue is a demand proxy, not a verified addressable sales pool.""]","[{""file"": ""sku_performance.csv"", ""record_id"": ""HC0123"", ""row_number"": 124}, {""file"": ""product_metadata.csv"", ""record_id"": ""HC0123"", ""row_number"": 124}, {""file"": ""competitor_market_signals.csv"", ""record_id"": ""CM046"", ""row_number"": 47}]","[{""brand"": ""Naturtint"", ""name"": ""Naturtint Permanent Deep Auburn"", ""observed_date"": ""2026-07-01"", ""price_eur"": 15.2, ""record_id"": ""CM046"", ""signal_score_0_100"": 83.8, ""signal_valid"": true, ""source"": ""tiktok_shop_signal"", ""trend_score_12w_pct"": -0.067}]",HC0123,Syoss Root Retoucher Warm Auburn,Syoss,Permanent Color,Auburn,Indie Color Imports,False,aktiv,in_stock,Evergreen,1 kit,7.61,16572.29,2078,0.25,0.502,208797.56,0.63,7.937013248622255,7.099447513812154,0.394,49,"[""HC0001"", ""HC0008"", ""HC0011"", ""HC0013"", ""HC0015"", ""HC0017"", ""HC0018"", ""HC0025"", ""HC0028"", ""HC0032"", ""HC0037"", ""HC0040"", ""HC0041"", ""HC0048"", ""HC0049"", ""HC0051"", ""HC0064"", ""HC0083"", ""HC0094"", ""HC0096"", ""HC0099"", ""HC0105"", ""HC0106"", ""HC0110"", ""HC0112"", ""HC0120"", ""HC0131"", ""HC0132"", ""HC0142"", ""HC0146"", ""HC0159"", ""HC0167"", ""HC0170"", ""HC0172"", ""HC0176"", ""HC0177"", ""HC0179"", ""HC0182"", ""HC0184"", ""HC0190"", ""HC0191"", ""HC0195"", ""HC0201"", ""HC0206"", ""HC0207"", ""HC0211"", ""HC0212"", ""HC0222"", ""HC0231""]",15.2,1,12.0
sku-HC0016,Review margin on Schwarzkopf Live Coral Rose (HC0016),Review margin,Next,Snapshot only,"Source fields support a review; a single snapshot does not establish the cause, commercial feasibility or probability of success.","Margin 19.8% is at or below the 26.7% threshold on €11,161.19 channel revenue. Validate cost and commercial terms.",Also verify current availability before making a volume-dependent commercial change. Validate cost and margin definitions and discuss supplier terms. Assess volume risk before any price change; the peer median is not a price target.,Buyer / commercial finance,"Gross profit and units sold, not margin percentage alone.",2154.11,Gross profit,12 weeks,"max(0, €11,161.19 x (0.391 - 0.198)) = €2,154.11","[""Benchmark: margin median of 50 other active, in-stock, selling SKUs in the subcategory."", ""Holds current revenue constant; changing price may alter demand. A peer margin is not an achievable supplier concession."", ""Additional gross profit, not additional revenue or net profit; costs of implementing the action are not supplied.""]",[],"[""One 12-week aggregate and current status/stock fields; the period end and stock duration are not supplied."", ""Market revenue is a demand proxy, not a verified addressable sales pool."", ""Summer item: verify the selling calendar before promotion, reactivation or clearance; the performance-window end is unknown."", ""Current stock is low stock. Verify supply before assuming the historical sales volume can continue.""]","[{""file"": ""sku_performance.csv"", ""record_id"": ""HC0016"", ""row_number"": 17}, {""file"": ""product_metadata.csv"", ""record_id"": ""HC0016"", ""row_number"": 17}, {""file"": ""competitor_market_signals.csv"", ""record_id"": ""CM026"", ""row_number"": 27}, {""file"": ""competitor_market_signals.csv"", ""record_id"": ""CM063"", ""row_number"": 64}]","[{""brand"": ""Bleach London"", ""name"": ""Bleach London Color Coral Rose"", ""observed_date"": ""2026-07-01"", ""price_eur"": 16.62, ""record_id"": ""CM026"", ""signal_score_0_100"": 89.3, ""signal_valid"": true, ""source"": ""dm.de"", ""trend_score_12w_pct"": -0.036}, {""brand"": ""got2b"", ""name"": ""got2b Color Coral Rose"", ""observed_date"": ""2026-07-01"", ""price_eur"": 11.35, ""record_id"": ""CM063"", ""signal_score_0_100"": 9.6, ""signal_valid"": true, ""source"": ""dm.de"", ""trend_score_12w_pct"": 0.197}]",HC0016,Schwarzkopf Live Coral Rose,Schwarzkopf,Permanent Color,Summer,Henkel Beauty Care,False,aktiv,low_stock,Summer,60 ml,5.04,11161.19,2579,0.198,-0.014,267015.36,-0.007,4.179980507488409,7.216658873886855,0.391,50,"[""HC0001"", ""HC0008"", ""HC0011"", ""HC0013"", ""HC0015"", ""HC0017"", ""HC0018"", ""HC0025"", ""HC0028"", ""HC0032"", ""HC0037"", ""HC0040"", ""HC0041"", ""HC0048"", ""HC0049"", ""HC0051"", ""HC0064"", ""HC0083"", ""HC0094"", ""HC0096"", ""HC0099"", ""HC0105"", ""HC0106"", ""HC0110"", ""HC0112"", ""HC0120"", ""HC0123"", ""HC0131"", ""HC0132"", ""HC0142"", ""HC0146"", ""HC0159"", ""HC0167"", ""HC0170"", ""HC0172"", ""HC0176"", ""HC0177"", ""HC0179"", ""HC0182"", ""HC0184"", ""HC0190"", ""HC0191"", ""HC0195"", ""HC0201"", ""HC0206"", ""HC0207"", ""HC0211"", ""HC0212"", ""HC0222"", ""HC0231""]",13.985,2,10.0
sku-HC0174,Review margin on Herbatint Permanent Herbal Color Espresso Brown (HC0174),Review margin,Next,Snapshot only,"Source fields support a review; a single snapshot does not establish the cause, commercial feasibility or probability of success.","Margin 21.7% is at or below the 26.7% threshold on €12,704.24 channel revenue. Validate cost and commercial terms.",Validate cost and margin definitions and discuss supplier terms. Assess volume risk before any price change; the peer median is not a price target.,Buyer / commercial finance,"Gross profit and units sold, not margin percentage alone.",1943.75,Gross profit,12 weeks,"max(0, €12,704.24 x (0.37 - 0.217)) = €1,943.75","[""Benchmark: margin median of 25 other active, in-stock, selling SKUs in the subcategory."", ""Holds current revenue constant; changing price may alter demand. A peer margin is not an achievable supplier concession."", ""Additional gross profit, not additional revenue or net profit; costs of implementing the action are not supplied.""]",[],"[""One 12-week aggregate and current status/stock fields; the period end and stock duration are not supplied."", ""Market revenue is a demand proxy, not a verified addressable sales pool.""]","[{""file"": ""sku_performance.csv"", ""record_id"": ""HC0174"", ""row_number"": 175}, {""file"": ""product_metadata.csv"", ""record_id"": ""HC0174"", ""row_number"": 175}, {""file"": ""competitor_market_signals.csv"", ""record_id"": ""CM011"", ""row_number"": 12}]","[{""brand"": ""Kérastase Chroma Absolu"", ""name"": ""Kérastase Chroma Absolu Permanent Chocolate Brown"", ""observed_date"": ""2026-07-01"", ""price_eur"": 29.78, ""record_id"": ""CM011"", ""signal_score_0_100"": 56.6, ""signal_valid"": true, ""source"": ""google_trends"", ""trend_score_12w_pct"": -0.106}]",HC0174,Herbatint Permanent Herbal Color Espresso Brown,Herbatint,Root Touch-Up,Dark Brown,Coty DACH,False,aktiv,in_stock,Evergreen,150 ml,14.41,12704.24,913,0.217,0.209,225884.09,0.354,5.6242296657546795,5.34528288648953,0.37,25,"[""HC0005"", ""HC0020"", ""HC0042"", ""HC0046"", ""HC0052"", ""HC0056"", ""HC0071"", ""HC0075"", ""HC0076"", ""HC0084"", ""HC0086"", ""HC0090"", ""HC0145"", ""HC0148"", ""HC0155"", ""HC0156"", ""HC0157"", ""HC0161"", ""HC0178"", ""HC0181"", ""HC0189"", ""HC0203"", ""HC0204"", ""HC0213"", ""HC0217""]",29.78,1,6.0
sku-HC0157,Review margin on Naturtint Root Retouch Chestnut Brown (HC0157),Review margin,Next,Snapshot only,"Source fields support a review; a single snapshot does not establish the cause, commercial feasibility or probability of success.","Margin 26.0% is at or below the 26.7% threshold on €12,113.83 channel revenue. Validate cost and commercial terms.",Validate cost and margin definitions and discuss supplier terms. Assess volume risk before any price change; the peer median is not a price target.,Buyer / commercial finance,"Gross profit and units sold, not margin percentage alone.",1332.52,Gross profit,12 weeks,"max(0, €12,113.83 x (0.37 - 0.26)) = €1,332.52","[""Benchmark: margin median of 25 other active, in-stock, selling SKUs in the subcategory."", ""Holds current revenue constant; changing price may alter demand. A peer margin is not an achievable supplier concession."", ""Additional gross profit, not additional revenue or net profit; costs of implementing the action are not supplied.""]","[""Test promotion""]","[""One 12-week aggregate and current status/stock fields; the period end and stock duration are not supplied."", ""Market revenue is a demand proxy, not a verified addressable sales pool.""]","[{""file"": ""sku_performance.csv"", ""record_id"": ""HC0157"", ""row_number"": 158}, {""file"": ""product_metadata.csv"", ""record_id"": ""HC0157"", ""row_number"": 158}, {""file"": ""competitor_market_signals.csv"", ""record_id"": ""CM070"", ""row_number"": 71}]","[{""brand"": ""Directions"", ""name"": ""Directions Care Chestnut Brown"", ""observed_date"": ""2026-07-01"", ""price_eur"": 25.87, ""record_id"": ""CM070"", ""signal_score_0_100"": 47.1, ""signal_valid"": true, ""source"": ""douglas.de"", ""trend_score_12w_pct"": -0.302}]",HC0157,Naturtint Root Retouch Chestnut Brown,Naturtint,Root Touch-Up,Medium Brown,Indie Color Imports,False,aktiv,in_stock,Evergreen,2 x 1 kit,10.47,12113.83,1362,0.26,0.174,272967.1,0.099,4.437835182335161,5.535199317993758,0.37,25,"[""HC0005"", ""HC0020"", ""HC0042"", ""HC0046"", ""HC0052"", ""HC0056"", ""HC0071"", ""HC0075"", ""HC0076"", ""HC0084"", ""HC0086"", ""HC0090"", ""HC0145"", ""HC0148"", ""HC0155"", ""HC0156"", ""HC0161"", ""HC0174"", ""HC0178"", ""HC0181"", ""HC0189"", ""HC0203"", ""HC0204"", ""HC0213"", ""HC0217""]",25.87,1,10.0
sku-HC0076,Review margin on Goldwell Colorance Coral Rose (HC0076),Review margin,Next,Snapshot only,"Source fields support a review; a single snapshot does not establish the cause, commercial feasibility or probability of success.","Margin 18.8% is at or below the 26.7% threshold on €6,232.48 channel revenue. Validate cost and commercial terms.",Validate cost and margin definitions and discuss supplier terms. Assess volume risk before any price change; the peer median is not a price target.,Buyer / commercial finance,"Gross profit and units sold, not margin percentage alone.",1134.31,Gross profit,12 weeks,"max(0, €6,232.48 x (0.37 - 0.188)) = €1,134.31","[""Benchmark: margin median of 25 other active, in-stock, selling SKUs in the subcategory."", ""Holds current revenue constant; changing price may alter demand. A peer margin is not an achievable supplier concession."", ""Additional gross profit, not additional revenue or net profit; costs of implementing the action are not supplied.""]","[""Review price benchmark""]","[""One 12-week aggregate and current status/stock fields; the period end and stock duration are not supplied."", ""Market revenue is a demand proxy, not a verified addressable sales pool."", ""Summer item: verify the selling calendar before promotion, reactivation or clearance; the performance-window end is unknown."", ""Matching subcategory and shade does not establish like-for-like pricing or substitutability; competitor pack size and product form are not verified."", ""Competitor rows are observations, not necessarily independent corroboration. Refresh sources before a commercial decision."", ""Only one competitor observation supports this comparison."", ""Competitor evidence is older than the 60-day review threshold.""]","[{""file"": ""sku_performance.csv"", ""record_id"": ""HC0076"", ""row_number"": 77}, {""file"": ""product_metadata.csv"", ""record_id"": ""HC0076"", ""row_number"": 77}, {""file"": ""competitor_market_signals.csv"", ""record_id"": ""CM074"", ""row_number"": 75}]","[{""brand"": ""Naturtint"", ""name"": ""Naturtint Gloss Sunlit Peach"", ""observed_date"": ""2026-07-01"", ""price_eur"": 8.8, ""record_id"": ""CM074"", ""signal_score_0_100"": 38.1, ""signal_valid"": true, ""source"": ""amazon.de"", ""trend_score_12w_pct"": 0.522}]",HC0076,Goldwell Colorance Coral Rose,Goldwell,Root Touch-Up,Summer,Labo Natural,False,aktiv,in_stock,Summer,1 kit,13.38,6232.48,550,0.188,-0.136,112597.21,-0.261,5.535199317993758,5.34528288648953,0.37,25,"[""HC0005"", ""HC0020"", ""HC0042"", ""HC0046"", ""HC0052"", ""HC0056"", ""HC0071"", ""HC0075"", ""HC0084"", ""HC0086"", ""HC0090"", ""HC0145"", ""HC0148"", ""HC0155"", ""HC0156"", ""HC0157"", ""HC0161"", ""HC0174"", ""HC0178"", ""HC0181"", ""HC0189"", ""HC0203"", ""HC0204"", ""HC0213"", ""HC0217""]",8.8,1,5.0
sku-HC0203,Review margin on Madison Reed Root Touch Up Hazelnut Brown (HC0203),Review margin,Next,Snapshot only,"Source fields support a review; a single snapshot does not establish the cause, commercial feasibility or probability of success.","Margin 23.3% is at or below the 26.7% threshold on €6,627.42 channel revenue. Validate cost and commercial terms.",Validate cost and margin definitions and discuss supplier terms. Assess volume risk before any price change; the peer median is not a price target.,Buyer / commercial finance,"Gross profit and units sold, not margin percentage alone.",907.96,Gross profit,12 weeks,"max(0, €6,627.42 x (0.37 - 0.233)) = €907.96","[""Benchmark: margin median of 25 other active, in-stock, selling SKUs in the subcategory."", ""Holds current revenue constant; changing price may alter demand. A peer margin is not an achievable supplier concession."", ""Additional gross profit, not additional revenue or net profit; costs of implementing the action are not supplied.""]",[],"[""One 12-week aggregate and current status/stock fields; the period end and stock duration are not supplied."", ""Market revenue is a demand proxy, not a verified addressable sales pool.""]","[{""file"": ""sku_performance.csv"", ""record_id"": ""HC0203"", ""row_number"": 204}, {""file"": ""product_metadata.csv"", ""record_id"": ""HC0203"", ""row_number"": 204}, {""file"": ""competitor_market_signals.csv"", ""record_id"": ""CM070"", ""row_number"": 71}]","[{""brand"": ""Directions"", ""name"": ""Directions Care Chestnut Brown"", ""observed_date"": ""2026-07-01"", ""price_eur"": 25.87, ""record_id"": ""CM070"", ""signal_score_0_100"": 47.1, ""signal_valid"": true, ""source"": ""douglas.de"", ""trend_score_12w_pct"": -0.302}]",HC0203,Madison Reed Root Touch Up Hazelnut Brown,Madison Reed,Root Touch-Up,Medium Brown,P&G Beauty,False,aktiv,in_stock,Evergreen,200 ml,19.8,6627.42,318,0.233,-0.367,101290.41,-0.341,6.542988620541667,5.34528288648953,0.37,25,"[""HC0005"", ""HC0020"", ""HC0042"", ""HC0046"", ""HC0052"", ""HC0056"", ""HC0071"", ""HC0075"", ""HC0076"", ""HC0084"", ""HC0086"", ""HC0090"", ""HC0145"", ""HC0148"", ""HC0155"", ""HC0156"", ""HC0157"", ""HC0161"", ""HC0174"", ""HC0178"", ""HC0181"", ""HC0189"", ""HC0204"", ""HC0213"", ""HC0217""]",25.87,1,5.0
sku-HC0161,Review margin on eSalon Custom Color Set Icy Plum (HC0161),Review margin,Next,Snapshot only,"Source fields support a review; a single snapshot does not establish the cause, commercial feasibility or probability of success.","Margin 25.4% is at or below the 26.7% threshold on €6,256.35 channel revenue. Validate cost and commercial terms.",Validate cost and margin definitions and discuss supplier terms. Assess volume risk before any price change; the peer median is not a price target.,Buyer / commercial finance,"Gross profit and units sold, not margin percentage alone.",725.74,Gross profit,12 weeks,"max(0, €6,256.35 x (0.37 - 0.254)) = €725.74","[""Benchmark: margin median of 25 other active, in-stock, selling SKUs in the subcategory."", ""Holds current revenue constant; changing price may alter demand. A peer margin is not an achievable supplier concession."", ""Additional gross profit, not additional revenue or net profit; costs of implementing the action are not supplied.""]",[],"[""One 12-week aggregate and current status/stock fields; the period end and stock duration are not supplied."", ""Market revenue is a demand proxy, not a verified addressable sales pool."", ""Winter item: verify the selling calendar before promotion, reactivation or clearance; the performance-window end is unknown.""]","[{""file"": ""sku_performance.csv"", ""record_id"": ""HC0161"", ""row_number"": 162}, {""file"": ""product_metadata.csv"", ""record_id"": ""HC0161"", ""row_number"": 162}]",[],HC0161,eSalon Custom Color Set Icy Plum,eSalon,Root Touch-Up,Winter,Beauty Direct EU,False,aktiv,in_stock,Winter,150 ml,33.91,6256.35,177,0.254,-0.382,89571.44,-0.38,6.9847598743528065,5.34528288648953,0.37,25,"[""HC0005"", ""HC0020"", ""HC0042"", ""HC0046"", ""HC0052"", ""HC0056"", ""HC0071"", ""HC0075"", ""HC0076"", ""HC0084"", ""HC0086"", ""HC0090"", ""HC0145"", ""HC0148"", ""HC0155"", ""HC0156"", ""HC0157"", ""HC0174"", ""HC0178"", ""HC0181"", ""HC0189"", ""HC0203"", ""HC0204"", ""HC0213"", ""HC0217""]",,0,4.0
sku-HC0083,Test merchandising for Madison Reed Root Touch Up Pearl Blonde (HC0083),Test promotion,Next,Snapshot only,"Source fields support a review; a single snapshot does not establish the cause, commercial feasibility or probability of success.","In stock, with demand proxy €226,316.30 above the €95,238.14 threshold and growing +14.7%. Channel / proxy ratio 4.93% is below the 7.33% subcategory peer median.","Verify availability, product visibility and promotional economics. Run a small, time-bounded merchandising test with a baseline or control.",Category / merchandising manager,Incremental units and gross profit net of promotional costs and cannibalisation.,5449.56,Revenue,12 weeks,"max(0, €226,316.30 x 0.07333870233961558 - €11,148.18) = €5,449.56","[""Benchmark: median channel / market-demand-proxy ratio of 49 other active, in-stock, selling SKUs in this subcategory."", ""Assumes the peer ratio is a relevant comparison; it does not prove stock or promotion caused the distance."", ""Snapshot benchmark distance, not forecast, guaranteed gain or upper bound; stock duration and distribution coverage are unknown."", ""No annualisation, elasticity, promotional cost or cannibalisation is modelled.""]",[],"[""One 12-week aggregate and current status/stock fields; the period end and stock duration are not supplied."", ""Market revenue is a demand proxy, not a verified addressable sales pool.""]","[{""file"": ""sku_performance.csv"", ""record_id"": ""HC0083"", ""row_number"": 84}, {""file"": ""product_metadata.csv"", ""record_id"": ""HC0083"", ""row_number"": 84}, {""file"": ""competitor_market_signals.csv"", ""record_id"": ""CM053"", ""row_number"": 54}]","[{""brand"": ""Clairol"", ""name"": ""Clairol Color Cool Ash Blonde"", ""observed_date"": ""2026-07-01"", ""price_eur"": 16.97, ""record_id"": ""CM053"", ""signal_score_0_100"": 11.2, ""signal_valid"": true, ""source"": ""google_trends"", ""trend_score_12w_pct"": 0.011}]",HC0083,Madison Reed Root Touch Up Pearl Blonde,Madison Reed,Permanent Color,Ash Blonde,SalonPro Distribution,False,aktiv,in_stock,Evergreen,200 ml,23.71,11148.18,468,0.368,0.088,226316.3,0.147,4.925928888020881,7.333870233961558,0.394,49,"[""HC0001"", ""HC0008"", ""HC0011"", ""HC0013"", ""HC0015"", ""HC0017"", ""HC0018"", ""HC0025"", ""HC0028"", ""HC0032"", ""HC0037"", ""HC0040"", ""HC0041"", ""HC0048"", ""HC0049"", ""HC0051"", ""HC0064"", ""HC0094"", ""HC0096"", ""HC0099"", ""HC0105"", ""HC0106"", ""HC0110"", ""HC0112"", ""HC0120"", ""HC0123"", ""HC0131"", ""HC0132"", ""HC0142"", ""HC0146"", ""HC0159"", ""HC0167"", ""HC0170"", ""HC0172"", ""HC0176"", ""HC0177"", ""HC0179"", ""HC0182"", ""HC0184"", ""HC0190"", ""HC0191"", ""HC0195"", ""HC0201"", ""HC0206"", ""HC0207"", ""HC0211"", ""HC0212"", ""HC0222"", ""HC0231""]",16.97,1,6.0
sku-HC0064,Test merchandising for Naturtint Root Retouch Pearl Blonde (HC0064),Test promotion,Next,Snapshot only,"Source fields support a review; a single snapshot does not establish the cause, commercial feasibility or probability of success.","In stock, with demand proxy €147,997.37 above the €95,238.14 threshold and growing +20.1%. Channel / proxy ratio 4.60% is below the 7.33% subcategory peer median.","Verify availability, product visibility and promotional economics. Run a small, time-bounded merchandising test with a baseline or control.",Category / merchandising manager,Incremental units and gross profit net of promotional costs and cannibalisation.,4051.42,Revenue,12 weeks,"max(0, €147,997.37 x 0.07333870233961558 - €6,802.52) = €4,051.42","[""Benchmark: median channel / market-demand-proxy ratio of 49 other active, in-stock, selling SKUs in this subcategory."", ""Assumes the peer ratio is a relevant comparison; it does not prove stock or promotion caused the distance."", ""Snapshot benchmark distance, not forecast, guaranteed gain or upper bound; stock duration and distribution coverage are unknown."", ""No annualisation, elasticity, promotional cost or cannibalisation is modelled.""]",[],"[""One 12-week aggregate and current status/stock fields; the period end and stock duration are not supplied."", ""Market revenue is a demand proxy, not a verified addressable sales pool.""]","[{""file"": ""sku_performance.csv"", ""record_id"": ""HC0064"", ""row_number"": 65}, {""file"": ""product_metadata.csv"", ""record_id"": ""HC0064"", ""row_number"": 65}, {""file"": ""competitor_market_signals.csv"", ""record_id"": ""CM053"", ""row_number"": 54}]","[{""brand"": ""Clairol"", ""name"": ""Clairol Color Cool Ash Blonde"", ""observed_date"": ""2026-07-01"", ""price_eur"": 16.97, ""record_id"": ""CM053"", ""signal_score_0_100"": 11.2, ""signal_valid"": true, ""source"": ""google_trends"", ""trend_score_12w_pct"": 0.011}]",HC0064,Naturtint Root Retouch Pearl Blonde,Naturtint,Permanent Color,Ash Blonde,Labo Natural,False,aktiv,in_stock,Evergreen,1 kit,17.04,6802.52,393,0.378,0.048,147997.37,0.201,4.596378976193969,7.333870233961558,0.394,49,"[""HC0001"", ""HC0008"", ""HC0011"", ""HC0013"", ""HC0015"", ""HC0017"", ""HC0018"", ""HC0025"", ""HC0028"", ""HC0032"", ""HC0037"", ""HC0040"", ""HC0041"", ""HC0048"", ""HC0049"", ""HC0051"", ""HC0083"", ""HC0094"", ""HC0096"", ""HC0099"", ""HC0105"", ""HC0106"", ""HC0110"", ""HC0112"", ""HC0120"", ""HC0123"", ""HC0131"", ""HC0132"", ""HC0142"", ""HC0146"", ""HC0159"", ""HC0167"", ""HC0170"", ""HC0172"", ""HC0176"", ""HC0177"", ""HC0179"", ""HC0182"", ""HC0184"", ""HC0190"", ""HC0191"", ""HC0195"", ""HC0201"", ""HC0206"", ""HC0207"", ""HC0211"", ""HC0212"", ""HC0222"", ""HC0231""]",16.97,1,5.0
sku-HC0051,Test merchandising for Syoss Gloss Sensation Smoky Blonde (HC0051),Test promotion,Next,Snapshot only,"Source fields support a review; a single snapshot does not establish the cause, commercial feasibility or probability of success.","In stock, with demand proxy €687,963.60 above the €95,238.14 threshold and growing +16.9%. Channel / proxy ratio 6.83% is below the 7.33% subcategory peer median.","Verify availability, product visibility and promotional economics. Run a small, time-bounded merchandising test with a baseline or control.",Category / merchandising manager,Incremental units and gross profit net of promotional costs and cannibalisation.,3449.41,Revenue,12 weeks,"max(0, €687,963.60 x 0.07333870233961558 - €47,004.95) = €3,449.41","[""Benchmark: median channel / market-demand-proxy ratio of 49 other active, in-stock, selling SKUs in this subcategory."", ""Assumes the peer ratio is a relevant comparison; it does not prove stock or promotion caused the distance."", ""Snapshot benchmark distance, not forecast, guaranteed gain or upper bound; stock duration and distribution coverage are unknown."", ""No annualisation, elasticity, promotional cost or cannibalisation is modelled.""]",[],"[""One 12-week aggregate and current status/stock fields; the period end and stock duration are not supplied."", ""Market revenue is a demand proxy, not a verified addressable sales pool.""]","[{""file"": ""sku_performance.csv"", ""record_id"": ""HC0051"", ""row_number"": 52}, {""file"": ""product_metadata.csv"", ""record_id"": ""HC0051"", ""row_number"": 52}, {""file"": ""competitor_market_signals.csv"", ""record_id"": ""CM053"", ""row_number"": 54}]","[{""brand"": ""Clairol"", ""name"": ""Clairol Color Cool Ash Blonde"", ""observed_date"": ""2026-07-01"", ""price_eur"": 16.97, ""record_id"": ""CM053"", ""signal_score_0_100"": 11.2, ""signal_valid"": true, ""source"": ""google_trends"", ""trend_score_12w_pct"": 0.011}]",HC0051,Syoss Gloss Sensation Smoky Blonde,Syoss,Permanent Color,Ash Blonde,Henkel Beauty Care,False,aktiv,in_stock,Evergreen,1 kit,7.69,47004.95,5471,0.272,0.109,687963.6,0.169,6.832476311246699,7.333870233961558,0.394,49,"[""HC0001"", ""HC0008"", ""HC0011"", ""HC0013"", ""HC0015"", ""HC0017"", ""HC0018"", ""HC0025"", ""HC0028"", ""HC0032"", ""HC0037"", ""HC0040"", ""HC0041"", ""HC0048"", ""HC0049"", ""HC0064"", ""HC0083"", ""HC0094"", ""HC0096"", ""HC0099"", ""HC0105"", ""HC0106"", ""HC0110"", ""HC0112"", ""HC0120"", ""HC0123"", ""HC0131"", ""HC0132"", ""HC0142"", ""HC0146"", ""HC0159"", ""HC0167"", ""HC0170"", ""HC0172"", ""HC0176"", ""HC0177"", ""HC0179"", ""HC0182"", ""HC0184"", ""HC0190"", ""HC0191"", ""HC0195"", ""HC0201"", ""HC0206"", ""HC0207"", ""HC0211"", ""HC0212"", ""HC0222"", ""HC0231""]",16.97,1,10.0
sku-HC0120,Test merchandising for Madison Reed Radiant Hair Color Light Blonde (HC0120),Test promotion,Next,Snapshot only,"Source fields support a review; a single snapshot does not establish the cause, commercial feasibility or probability of success.","In stock, with demand proxy €112,782.18 above the €95,238.14 threshold and growing +31.1%. Channel / proxy ratio 4.41% is below the 7.33% subcategory peer median.","Verify availability, product visibility and promotional economics. Run a small, time-bounded merchandising test with a baseline or control.",Category / merchandising manager,Incremental units and gross profit net of promotional costs and cannibalisation.,3303.2,Revenue,12 weeks,"max(0, €112,782.18 x 0.07333870233961558 - €4,968.10) = €3,303.20","[""Benchmark: median channel / market-demand-proxy ratio of 49 other active, in-stock, selling SKUs in this subcategory."", ""Assumes the peer ratio is a relevant comparison; it does not prove stock or promotion caused the distance."", ""Snapshot benchmark distance, not forecast, guaranteed gain or upper bound; stock duration and distribution coverage are unknown."", ""No annualisation, elasticity, promotional cost or cannibalisation is modelled.""]",[],"[""One 12-week aggregate and current status/stock fields; the period end and stock duration are not supplied."", ""Market revenue is a demand proxy, not a verified addressable sales pool.""]","[{""file"": ""sku_performance.csv"", ""record_id"": ""HC0120"", ""row_number"": 121}, {""file"": ""product_metadata.csv"", ""record_id"": ""HC0120"", ""row_number"": 121}, {""file"": ""competitor_market_signals.csv"", ""record_id"": ""CM009"", ""row_number"": 10}, {""file"": ""competitor_market_signals.csv"", ""record_id"": ""CM054"", ""row_number"": 55}, {""file"": ""competitor_market_signals.csv"", ""record_id"": ""CM056"", ""row_number"": 57}, {""file"": ""competitor_market_signals.csv"", ""record_id"": ""CM058"", ""row_number"": 59}]","[{""brand"": ""Crazy Color"", ""name"": ""Crazy Color Permanent Dark Blonde"", ""observed_date"": ""2026-07-01"", ""price_eur"": 29.23, ""record_id"": ""CM009"", ""signal_score_0_100"": 43.7, ""signal_valid"": true, ""source"": ""tiktok_shop_signal"", ""trend_score_12w_pct"": 0.628}, {""brand"": ""Manic Panic"", ""name"": ""Manic Panic Semi-Permanent Light Blonde"", ""observed_date"": ""2026-07-01"", ""price_eur"": 17.43, ""record_id"": ""CM054"", ""signal_score_0_100"": 67.6, ""signal_valid"": true, ""source"": ""amazon.de"", ""trend_score_12w_pct"": 0.387}, {""brand"": ""Revlon"", ""name"": ""Revlon Gloss Dark Blonde"", ""observed_date"": ""2026-07-01"", ""price_eur"": 16.14, ""record_id"": ""CM056"", ""signal_score_0_100"": 103.0, ""signal_valid"": false, ""source"": ""flaconi.de"", ""trend_score_12w_pct"": -0.309}, {""brand"": ""Wella"", ""name"": ""Wella Gloss Honey Blonde"", ""observed_date"": ""2026-07-01"", ""price_eur"": 23.49, ""record_id"": ""CM058"", ""signal_score_0_100"": 12.5, ""signal_valid"": true, ""source"": ""google_trends"", ""trend_score_12w_pct"": 0.236}]",HC0120,Madison Reed Radiant Hair Color Light Blonde,Madison Reed,Permanent Color,Blonde,Henkel Beauty Care,False,aktiv,in_stock,Evergreen,150 ml,30.82,4968.1,167,0.24,0.482,112782.18,0.311,4.405039874207079,7.333870233961558,0.394,49,"[""HC0001"", ""HC0008"", ""HC0011"", ""HC0013"", ""HC0015"", ""HC0017"", ""HC0018"", ""HC0025"", ""HC0028"", ""HC0032"", ""HC0037"", ""HC0040"", ""HC0041"", ""HC0048"", ""HC0049"", ""HC0051"", ""HC0064"", ""HC0083"", ""HC0094"", ""HC0096"", ""HC0099"", ""HC0105"", ""HC0106"", ""HC0110"", ""HC0112"", ""HC0123"", ""HC0131"", ""HC0132"", ""HC0142"", ""HC0146"", ""HC0159"", ""HC0167"", ""HC0170"", ""HC0172"", ""HC0176"", ""HC0177"", ""HC0179"", ""HC0182"", ""HC0184"", ""HC0190"", ""HC0191"", ""HC0195"", ""HC0201"", ""HC0206"", ""HC0207"", ""HC0211"", ""HC0212"", ""HC0222"", ""HC0231""]",20.46,4,6.0
sku-HC0110,Test merchandising for Herbatint Permanent Herbal Color Caramel Brown (HC0110),Test promotion,Next,Snapshot only,"Source fields support a review; a single snapshot does not establish the cause, commercial feasibility or probability of success.","In stock, with demand proxy €111,971.10 above the €95,238.14 threshold and growing +8.1%. Channel / proxy ratio 4.52% is below the 7.33% subcategory peer median.","Verify availability, product visibility and promotional economics. Run a small, time-bounded merchandising test with a baseline or control.",Category / merchandising manager,Incremental units and gross profit net of promotional costs and cannibalisation.,3151.24,Revenue,12 weeks,"max(0, €111,971.10 x 0.07333870233961558 - €5,060.58) = €3,151.24","[""Benchmark: median channel / market-demand-proxy ratio of 49 other active, in-stock, selling SKUs in this subcategory."", ""Assumes the peer ratio is a relevant comparison; it does not prove stock or promotion caused the distance."", ""Snapshot benchmark distance, not forecast, guaranteed gain or upper bound; stock duration and distribution coverage are unknown."", ""No annualisation, elasticity, promotional cost or cannibalisation is modelled.""]",[],"[""One 12-week aggregate and current status/stock fields; the period end and stock duration are not supplied."", ""Market revenue is a demand proxy, not a verified addressable sales pool.""]","[{""file"": ""sku_performance.csv"", ""record_id"": ""HC0110"", ""row_number"": 111}, {""file"": ""product_metadata.csv"", ""record_id"": ""HC0110"", ""row_number"": 111}, {""file"": ""competitor_market_signals.csv"", ""record_id"": ""CM022"", ""row_number"": 23}, {""file"": ""competitor_market_signals.csv"", ""record_id"": ""CM024"", ""row_number"": 25}]","[{""brand"": ""Arctic Fox"", ""name"": ""Arctic Fox Care Caramel Brown"", ""observed_date"": ""2026-07-01"", ""price_eur"": 23.89, ""record_id"": ""CM022"", ""signal_score_0_100"": 14.4, ""signal_valid"": true, ""source"": ""amazon.de"", ""trend_score_12w_pct"": 0.51}, {""brand"": ""Kristin Ess"", ""name"": ""Kristin Ess Gloss Hazelnut Brown"", ""observed_date"": ""2026-07-01"", ""price_eur"": 10.38, ""record_id"": ""CM024"", ""signal_score_0_100"": 13.0, ""signal_valid"": true, ""source"": ""flaconi.de"", ""trend_score_12w_pct"": 0.21}]",HC0110,Herbatint Permanent Herbal Color Caramel Brown,Herbatint,Permanent Color,Medium Brown,Indie Color Imports,False,aktiv,in_stock,Evergreen,2 x 1 kit,12.86,5060.58,405,0.555,-0.081,111971.1,0.081,4.519541203042571,7.333870233961558,0.388,49,"[""HC0001"", ""HC0008"", ""HC0011"", ""HC0013"", ""HC0015"", ""HC0017"", ""HC0018"", ""HC0025"", ""HC0028"", ""HC0032"", ""HC0037"", ""HC0040"", ""HC0041"", ""HC0048"", ""HC0049"", ""HC0051"", ""HC0064"", ""HC0083"", ""HC0094"", ""HC0096"", ""HC0099"", ""HC0105"", ""HC0106"", ""HC0112"", ""HC0120"", ""HC0123"", ""HC0131"", ""HC0132"", ""HC0142"", ""HC0146"", ""HC0159"", ""HC0167"", ""HC0170"", ""HC0172"", ""HC0176"", ""HC0177"", ""HC0179"", ""HC0182"", ""HC0184"", ""HC0190"", ""HC0191"", ""HC0195"", ""HC0201"", ""HC0206"", ""HC0207"", ""HC0211"", ""HC0212"", ""HC0222"", ""HC0231""]",17.135,2,6.0
sku-HC0099,Test merchandising for Kristin Ess Rose Gold Temporary Tint Chestnut Brown (HC0099),Test promotion,Next,Snapshot only,"Source fields support a review; a single snapshot does not establish the cause, commercial feasibility or probability of success.","In stock, with demand proxy €160,101.52 above the €95,238.14 threshold and growing +43.9%. Channel / proxy ratio 5.48% is below the 7.33% subcategory peer median.","Verify availability, product visibility and promotional economics. Run a small, time-bounded merchandising test with a baseline or control.",Category / merchandising manager,Incremental units and gross profit net of promotional costs and cannibalisation.,2963.06,Revenue,12 weeks,"max(0, €160,101.52 x 0.07333870233961558 - €8,778.58) = €2,963.06","[""Benchmark: median channel / market-demand-proxy ratio of 49 other active, in-stock, selling SKUs in this subcategory."", ""Assumes the peer ratio is a relevant comparison; it does not prove stock or promotion caused the distance."", ""Snapshot benchmark distance, not forecast, guaranteed gain or upper bound; stock duration and distribution coverage are unknown."", ""No annualisation, elasticity, promotional cost or cannibalisation is modelled.""]",[],"[""One 12-week aggregate and current status/stock fields; the period end and stock duration are not supplied."", ""Market revenue is a demand proxy, not a verified addressable sales pool.""]","[{""file"": ""sku_performance.csv"", ""record_id"": ""HC0099"", ""row_number"": 100}, {""file"": ""product_metadata.csv"", ""record_id"": ""HC0099"", ""row_number"": 100}, {""file"": ""competitor_market_signals.csv"", ""record_id"": ""CM022"", ""row_number"": 23}, {""file"": ""competitor_market_signals.csv"", ""record_id"": ""CM024"", ""row_number"": 25}]","[{""brand"": ""Arctic Fox"", ""name"": ""Arctic Fox Care Caramel Brown"", ""observed_date"": ""2026-07-01"", ""price_eur"": 23.89, ""record_id"": ""CM022"", ""signal_score_0_100"": 14.4, ""signal_valid"": true, ""source"": ""amazon.de"", ""trend_score_12w_pct"": 0.51}, {""brand"": ""Kristin Ess"", ""name"": ""Kristin Ess Gloss Hazelnut Brown"", ""observed_date"": ""2026-07-01"", ""price_eur"": 10.38, ""record_id"": ""CM024"", ""signal_score_0_100"": 13.0, ""signal_valid"": true, ""source"": ""flaconi.de"", ""trend_score_12w_pct"": 0.21}]",HC0099,Kristin Ess Rose Gold Temporary Tint Chestnut Brown,Kristin Ess,Permanent Color,Medium Brown,Coty DACH,False,aktiv,in_stock,Evergreen,2 x 1 kit,25.73,8778.58,313,0.302,0.499,160101.52,0.439,5.483133451824818,7.333870233961558,0.394,49,"[""HC0001"", ""HC0008"", ""HC0011"", ""HC0013"", ""HC0015"", ""HC0017"", ""HC0018"", ""HC0025"", ""HC0028"", ""HC0032"", ""HC0037"", ""HC0040"", ""HC0041"", ""HC0048"", ""HC0049"", ""HC0051"", ""HC0064"", ""HC0083"", ""HC0094"", ""HC0096"", ""HC0105"", ""HC0106"", ""HC0110"", ""HC0112"", ""HC0120"", ""HC0123"", ""HC0131"", ""HC0132"", ""HC0142"", ""HC0146"", ""HC0159"", ""HC0167"", ""HC0170"", ""HC0172"", ""HC0176"", ""HC0177"", ""HC0179"", ""HC0182"", ""HC0184"", ""HC0190"", ""HC0191"", ""HC0195"", ""HC0201"", ""HC0206"", ""HC0207"", ""HC0211"", ""HC0212"", ""HC0222"", ""HC0231""]",17.135,2,4.0
sku-HC0212,Test merchandising for Wella Shinefinity Mulled Wine (HC0212),Test promotion,Next,Snapshot only,"Source fields support a review; a single snapshot does not establish the cause, commercial feasibility or probability of success.","In stock, with demand proxy €112,885.61 above the €95,238.14 threshold and growing +26.4%. Channel / proxy ratio 4.97% is below the 7.33% subcategory peer median.","Verify availability, product visibility and promotional economics. Run a small, time-bounded merchandising test with a baseline or control.",Category / merchandising manager,Incremental units and gross profit net of promotional costs and cannibalisation.,2665.39,Revenue,12 weeks,"max(0, €112,885.61 x 0.07333870233961558 - €5,613.49) = €2,665.39","[""Benchmark: median channel / market-demand-proxy ratio of 49 other active, in-stock, selling SKUs in this subcategory."", ""Assumes the peer ratio is a relevant comparison; it does not prove stock or promotion caused the distance."", ""Snapshot benchmark distance, not forecast, guaranteed gain or upper bound; stock duration and distribution coverage are unknown."", ""No annualisation, elasticity, promotional cost or cannibalisation is modelled.""]",[],"[""One 12-week aggregate and current status/stock fields; the period end and stock duration are not supplied."", ""Market revenue is a demand proxy, not a verified addressable sales pool."", ""Winter item: verify the selling calendar before promotion, reactivation or clearance; the performance-window end is unknown.""]","[{""file"": ""sku_performance.csv"", ""record_id"": ""HC0212"", ""row_number"": 213}, {""file"": ""product_metadata.csv"", ""record_id"": ""HC0212"", ""row_number"": 213}, {""file"": ""competitor_market_signals.csv"", ""record_id"": ""CM065"", ""row_number"": 66}]","[{""brand"": ""John Frieda"", ""name"": ""John Frieda Permanent Frosted Chestnut"", ""observed_date"": ""2026-07-01"", ""price_eur"": 20.82, ""record_id"": ""CM065"", ""signal_score_0_100"": 8.6, ""signal_valid"": true, ""source"": ""dm.de"", ""trend_score_12w_pct"": -0.051}]",HC0212,Wella Shinefinity Mulled Wine,Wella,Permanent Color,Winter,Indie Color Imports,False,aktiv,in_stock,Winter,60 ml,23.42,5613.49,282,0.394,0.191,112885.61,0.264,4.97272415855307,7.333870233961558,0.388,49,"[""HC0001"", ""HC0008"", ""HC0011"", ""HC0013"", ""HC0015"", ""HC0017"", ""HC0018"", ""HC0025"", ""HC0028"", ""HC0032"", ""HC0037"", ""HC0040"", ""HC0041"", ""HC0048"", ""HC0049"", ""HC0051"", ""HC0064"", ""HC0083"", ""HC0094"", ""HC0096"", ""HC0099"", ""HC0105"", ""HC0106"", ""HC0110"", ""HC0112"", ""HC0120"", ""HC0123"", ""HC0131"", ""HC0132"", ""HC0142"", ""HC0146"", ""HC0159"", ""HC0167"", ""HC0170"", ""HC0172"", ""HC0176"", ""HC0177"", ""HC0179"", ""HC0182"", ""HC0184"", ""HC0190"", ""HC0191"", ""HC0195"", ""HC0201"", ""HC0206"", ""HC0207"", ""HC0211"", ""HC0222"", ""HC0231""]",20.82,1,6.0
sku-HC0179,Test merchandising for ZenBeauty Private Label Nature Color Soft Black (HC0179),Test promotion,Next,Snapshot only,"Source fields support a review; a single snapshot does not establish the cause, commercial feasibility or probability of success.","In stock, with demand proxy €121,579.47 above the €95,238.14 threshold and growing +6.5%. Channel / proxy ratio 5.20% is below the 7.33% subcategory peer median.","Verify availability, product visibility and promotional economics. Run a small, time-bounded merchandising test with a baseline or control.",Category / merchandising manager,Incremental units and gross profit net of promotional costs and cannibalisation.,2600.12,Revenue,12 weeks,"max(0, €121,579.47 x 0.07333870233961558 - €6,316.36) = €2,600.12","[""Benchmark: median channel / market-demand-proxy ratio of 49 other active, in-stock, selling SKUs in this subcategory."", ""Assumes the peer ratio is a relevant comparison; it does not prove stock or promotion caused the distance."", ""Snapshot benchmark distance, not forecast, guaranteed gain or upper bound; stock duration and distribution coverage are unknown."", ""No annualisation, elasticity, promotional cost or cannibalisation is modelled.""]",[],"[""One 12-week aggregate and current status/stock fields; the period end and stock duration are not supplied."", ""Market revenue is a demand proxy, not a verified addressable sales pool.""]","[{""file"": ""sku_performance.csv"", ""record_id"": ""HC0179"", ""row_number"": 180}, {""file"": ""product_metadata.csv"", ""record_id"": ""HC0179"", ""row_number"": 180}, {""file"": ""competitor_market_signals.csv"", ""record_id"": ""CM043"", ""row_number"": 44}]","[{""brand"": ""Herbatint"", ""name"": ""Herbatint Semi-Permanent Soft Black"", ""observed_date"": ""2026-07-01"", ""price_eur"": 19.9, ""record_id"": ""CM043"", ""signal_score_0_100"": 89.2, ""signal_valid"": true, ""source"": ""flaconi.de"", ""trend_score_12w_pct"": -0.152}]",HC0179,ZenBeauty Private Label Nature Color Soft Black,ZenBeauty Private Label,Permanent Color,Black,Own Brand Sourcing GmbH,True,aktiv,in_stock,Evergreen,1 kit,7.89,6316.36,705,0.658,-0.102,121579.47,0.065,5.195252126037397,7.333870233961558,0.388,49,"[""HC0001"", ""HC0008"", ""HC0011"", ""HC0013"", ""HC0015"", ""HC0017"", ""HC0018"", ""HC0025"", ""HC0028"", ""HC0032"", ""HC0037"", ""HC0040"", ""HC0041"", ""HC0048"", ""HC0049"", ""HC0051"", ""HC0064"", ""HC0083"", ""HC0094"", ""HC0096"", ""HC0099"", ""HC0105"", ""HC0106"", ""HC0110"", ""HC0112"", ""HC0120"", ""HC0123"", ""HC0131"", ""HC0132"", ""HC0142"", ""HC0146"", ""HC0159"", ""HC0167"", ""HC0170"", ""HC0172"", ""HC0176"", ""HC0177"", ""HC0182"", ""HC0184"", ""HC0190"", ""HC0191"", ""HC0195"", ""HC0201"", ""HC0206"", ""HC0207"", ""HC0211"", ""HC0212"", ""HC0222"", ""HC0231""]",19.9,1,10.0
sku-HC0178,Test merchandising for ZenBeauty Private Label Color Studio Blue Black (HC0178),Test promotion,Next,Snapshot only,"Source fields support a review; a single snapshot does not establish the cause, commercial feasibility or probability of success.","In stock, with demand proxy €139,919.73 above the €95,238.14 threshold and growing +27.7%. Channel / proxy ratio 3.84% is below the 5.54% subcategory peer median.","Verify availability, product visibility and promotional economics. Run a small, time-bounded merchandising test with a baseline or control.",Category / merchandising manager,Incremental units and gross profit net of promotional costs and cannibalisation.,2368.84,Revenue,12 weeks,"max(0, €139,919.73 x 0.05535199317993758 - €5,376.00) = €2,368.84","[""Benchmark: median channel / market-demand-proxy ratio of 25 other active, in-stock, selling SKUs in this subcategory."", ""Assumes the peer ratio is a relevant comparison; it does not prove stock or promotion caused the distance."", ""Snapshot benchmark distance, not forecast, guaranteed gain or upper bound; stock duration and distribution coverage are unknown."", ""No annualisation, elasticity, promotional cost or cannibalisation is modelled.""]",[],"[""One 12-week aggregate and current status/stock fields; the period end and stock duration are not supplied."", ""Market revenue is a demand proxy, not a verified addressable sales pool.""]","[{""file"": ""sku_performance.csv"", ""record_id"": ""HC0178"", ""row_number"": 179}, {""file"": ""product_metadata.csv"", ""record_id"": ""HC0178"", ""row_number"": 179}, {""file"": ""competitor_market_signals.csv"", ""record_id"": ""CM025"", ""row_number"": 26}, {""file"": ""competitor_market_signals.csv"", ""record_id"": ""CM075"", ""row_number"": 76}]","[{""brand"": ""Manic Panic"", ""name"": ""Manic Panic Gloss Natural Black"", ""observed_date"": ""2026-07-01"", ""price_eur"": 11.08, ""record_id"": ""CM025"", ""signal_score_0_100"": 93.5, ""signal_valid"": true, ""source"": ""tiktok_shop_signal"", ""trend_score_12w_pct"": -0.072}, {""brand"": ""Syoss"", ""name"": ""Syoss Color Blue Black"", ""observed_date"": ""2026-07-01"", ""price_eur"": 7.02, ""record_id"": ""CM075"", ""signal_score_0_100"": 88.8, ""signal_valid"": true, ""source"": ""flaconi.de"", ""trend_score_12w_pct"": 0.342}]",HC0178,ZenBeauty Private Label Color Studio Blue Black,ZenBeauty Private Label,Root Touch-Up,Black,Own Brand Sourcing GmbH,True,aktiv,in_stock,Evergreen,200 ml,8.91,5376.0,648,0.591,0.354,139919.73,0.277,3.842202954508274,5.535199317993758,0.352,25,"[""HC0005"", ""HC0020"", ""HC0042"", ""HC0046"", ""HC0052"", ""HC0056"", ""HC0071"", ""HC0075"", ""HC0076"", ""HC0084"", ""HC0086"", ""HC0090"", ""HC0145"", ""HC0148"", ""HC0155"", ""HC0156"", ""HC0157"", ""HC0161"", ""HC0174"", ""HC0181"", ""HC0189"", ""HC0203"", ""HC0204"", ""HC0213"", ""HC0217""]",9.05,2,12.0
sku-HC0159,Test merchandising for Arctic Fox Resurrected Burgundy Red (HC0159),Test promotion,Next,Snapshot only,"Source fields support a review; a single snapshot does not establish the cause, commercial feasibility or probability of success.","In stock, with demand proxy €118,517.33 above the €95,238.14 threshold and growing +40.3%. Channel / proxy ratio 5.45% is below the 7.33% subcategory peer median.","Verify availability, product visibility and promotional economics. Run a small, time-bounded merchandising test with a baseline or control.",Category / merchandising manager,Incremental units and gross profit net of promotional costs and cannibalisation.,2229.92,Revenue,12 weeks,"max(0, €118,517.33 x 0.07333870233961558 - €6,461.99) = €2,229.92","[""Benchmark: median channel / market-demand-proxy ratio of 49 other active, in-stock, selling SKUs in this subcategory."", ""Assumes the peer ratio is a relevant comparison; it does not prove stock or promotion caused the distance."", ""Snapshot benchmark distance, not forecast, guaranteed gain or upper bound; stock duration and distribution coverage are unknown."", ""No annualisation, elasticity, promotional cost or cannibalisation is modelled.""]",[],"[""One 12-week aggregate and current status/stock fields; the period end and stock duration are not supplied."", ""Market revenue is a demand proxy, not a verified addressable sales pool.""]","[{""file"": ""sku_performance.csv"", ""record_id"": ""HC0159"", ""row_number"": 160}, {""file"": ""product_metadata.csv"", ""record_id"": ""HC0159"", ""row_number"": 160}, {""file"": ""competitor_market_signals.csv"", ""record_id"": ""CM045"", ""row_number"": 46}, {""file"": ""competitor_market_signals.csv"", ""record_id"": ""CM052"", ""row_number"": 53}]","[{""brand"": ""Syoss"", ""name"": ""Syoss Permanent Intense Red"", ""observed_date"": ""2026-07-01"", ""price_eur"": 25.5, ""record_id"": ""CM045"", ""signal_score_0_100"": 42.3, ""signal_valid"": true, ""source"": ""google_trends"", ""trend_score_12w_pct"": -0.147}, {""brand"": ""Revlon"", ""name"": ""Revlon Permanent Intense Red"", ""observed_date"": ""2026-07-01"", ""price_eur"": 26.82, ""record_id"": ""CM052"", ""signal_score_0_100"": 78.6, ""signal_valid"": true, ""source"": ""google_trends"", ""trend_score_12w_pct"": 0.18}]",HC0159,Arctic Fox Resurrected Burgundy Red,Arctic Fox,Permanent Color,Red,P&G Beauty,False,aktiv,in_stock,Evergreen,200 ml,13.87,6461.99,458,0.495,0.235,118517.33,0.403,5.452358739434984,7.333870233961558,0.388,49,"[""HC0001"", ""HC0008"", ""HC0011"", ""HC0013"", ""HC0015"", ""HC0017"", ""HC0018"", ""HC0025"", ""HC0028"", ""HC0032"", ""HC0037"", ""HC0040"", ""HC0041"", ""HC0048"", ""HC0049"", ""HC0051"", ""HC0064"", ""HC0083"", ""HC0094"", ""HC0096"", ""HC0099"", ""HC0105"", ""HC0106"", ""HC0110"", ""HC0112"", ""HC0120"", ""HC0123"", ""HC0131"", ""HC0132"", ""HC0142"", ""HC0146"", ""HC0167"", ""HC0170"", ""HC0172"", ""HC0176"", ""HC0177"", ""HC0179"", ""HC0182"", ""HC0184"", ""HC0190"", ""HC0191"", ""HC0195"", ""HC0201"", ""HC0206"", ""HC0207"", ""HC0211"", ""HC0212"", ""HC0222"", ""HC0231""]",26.16,2,6.0
sku-HC0056,Test merchandising for dpHUE Root Touch-Up Kit Chestnut Brown (HC0056),Test promotion,Next,Snapshot only,"Source fields support a review; a single snapshot does not establish the cause, commercial feasibility or probability of success.","In stock, with demand proxy €138,925.59 above the €95,238.14 threshold and growing +6.8%. Channel / proxy ratio 3.93% is below the 5.54% subcategory peer median.","Verify availability, product visibility and promotional economics. Run a small, time-bounded merchandising test with a baseline or control.",Category / merchandising manager,Incremental units and gross profit net of promotional costs and cannibalisation.,2224.83,Revenue,12 weeks,"max(0, €138,925.59 x 0.05535199317993758 - €5,464.98) = €2,224.83","[""Benchmark: median channel / market-demand-proxy ratio of 25 other active, in-stock, selling SKUs in this subcategory."", ""Assumes the peer ratio is a relevant comparison; it does not prove stock or promotion caused the distance."", ""Snapshot benchmark distance, not forecast, guaranteed gain or upper bound; stock duration and distribution coverage are unknown."", ""No annualisation, elasticity, promotional cost or cannibalisation is modelled.""]",[],"[""One 12-week aggregate and current status/stock fields; the period end and stock duration are not supplied."", ""Market revenue is a demand proxy, not a verified addressable sales pool.""]","[{""file"": ""sku_performance.csv"", ""record_id"": ""HC0056"", ""row_number"": 57}, {""file"": ""product_metadata.csv"", ""record_id"": ""HC0056"", ""row_number"": 57}, {""file"": ""competitor_market_signals.csv"", ""record_id"": ""CM070"", ""row_number"": 71}]","[{""brand"": ""Directions"", ""name"": ""Directions Care Chestnut Brown"", ""observed_date"": ""2026-07-01"", ""price_eur"": 25.87, ""record_id"": ""CM070"", ""signal_score_0_100"": 47.1, ""signal_valid"": true, ""source"": ""douglas.de"", ""trend_score_12w_pct"": -0.302}]",HC0056,dpHUE Root Touch-Up Kit Chestnut Brown,dpHUE,Root Touch-Up,Medium Brown,Coty DACH,False,aktiv,in_stock,Evergreen,1 kit,29.35,5464.98,179,0.237,-0.1,138925.59,0.068,3.9337461154564823,5.535199317993758,0.37,25,"[""HC0005"", ""HC0020"", ""HC0042"", ""HC0046"", ""HC0052"", ""HC0071"", ""HC0075"", ""HC0076"", ""HC0084"", ""HC0086"", ""HC0090"", ""HC0145"", ""HC0148"", ""HC0155"", ""HC0156"", ""HC0157"", ""HC0161"", ""HC0174"", ""HC0178"", ""HC0181"", ""HC0189"", ""HC0203"", ""HC0204"", ""HC0213"", ""HC0217""]",25.87,1,5.0
sku-HC0090,Test merchandising for Naturtint Permanent Hair Color Honey Blonde (HC0090),Test promotion,Next,Snapshot only,"Source fields support a review; a single snapshot does not establish the cause, commercial feasibility or probability of success.","In stock, with demand proxy €104,387.62 above the €95,238.14 threshold and growing +54.2%. Channel / proxy ratio 4.29% is below the 5.54% subcategory peer median.","Verify availability, product visibility and promotional economics. Run a small, time-bounded merchandising test with a baseline or control.",Category / merchandising manager,Incremental units and gross profit net of promotional costs and cannibalisation.,1297.09,Revenue,12 weeks,"max(0, €104,387.62 x 0.05535199317993758 - €4,480.97) = €1,297.09","[""Benchmark: median channel / market-demand-proxy ratio of 25 other active, in-stock, selling SKUs in this subcategory."", ""Assumes the peer ratio is a relevant comparison; it does not prove stock or promotion caused the distance."", ""Snapshot benchmark distance, not forecast, guaranteed gain or upper bound; stock duration and distribution coverage are unknown."", ""No annualisation, elasticity, promotional cost or cannibalisation is modelled.""]",[],"[""One 12-week aggregate and current status/stock fields; the period end and stock duration are not supplied."", ""Market revenue is a demand proxy, not a verified addressable sales pool.""]","[{""file"": ""sku_performance.csv"", ""record_id"": ""HC0090"", ""row_number"": 91}, {""file"": ""product_metadata.csv"", ""record_id"": ""HC0090"", ""row_number"": 91}]",[],HC0090,Naturtint Permanent Hair Color Honey Blonde,Naturtint,Root Touch-Up,Blonde,P&G Beauty,False,aktiv,in_stock,Evergreen,150 ml,14.99,4480.97,352,0.227,0.55,104387.62,0.542,4.292625888012392,5.535199317993758,0.37,25,"[""HC0005"", ""HC0020"", ""HC0042"", ""HC0046"", ""HC0052"", ""HC0056"", ""HC0071"", ""HC0075"", ""HC0076"", ""HC0084"", ""HC0086"", ""HC0145"", ""HC0148"", ""HC0155"", ""HC0156"", ""HC0157"", ""HC0161"", ""HC0174"", ""HC0178"", ""HC0181"", ""HC0189"", ""HC0203"", ""HC0204"", ""HC0213"", ""HC0217""]",,0,4.0
sku-HC0013,Test merchandising for Naturtint Root Retouch Espresso Brown (HC0013),Test promotion,Next,Snapshot only,"Source fields support a review; a single snapshot does not establish the cause, commercial feasibility or probability of success.","In stock, with demand proxy €105,354.34 above the €95,238.14 threshold and growing +11.5%. Channel / proxy ratio 6.46% is below the 7.33% subcategory peer median.","Verify availability, product visibility and promotional economics. Run a small, time-bounded merchandising test with a baseline or control.",Category / merchandising manager,Incremental units and gross profit net of promotional costs and cannibalisation.,919.31,Revenue,12 weeks,"max(0, €105,354.34 x 0.07333870233961558 - €6,807.24) = €919.31","[""Benchmark: median channel / market-demand-proxy ratio of 49 other active, in-stock, selling SKUs in this subcategory."", ""Assumes the peer ratio is a relevant comparison; it does not prove stock or promotion caused the distance."", ""Snapshot benchmark distance, not forecast, guaranteed gain or upper bound; stock duration and distribution coverage are unknown."", ""No annualisation, elasticity, promotional cost or cannibalisation is modelled.""]",[],"[""One 12-week aggregate and current status/stock fields; the period end and stock duration are not supplied."", ""Market revenue is a demand proxy, not a verified addressable sales pool.""]","[{""file"": ""sku_performance.csv"", ""record_id"": ""HC0013"", ""row_number"": 14}, {""file"": ""product_metadata.csv"", ""record_id"": ""HC0013"", ""row_number"": 14}, {""file"": ""competitor_market_signals.csv"", ""record_id"": ""CM029"", ""row_number"": 30}]","[{""brand"": ""Crazy Color"", ""name"": ""Crazy Color Gloss Mocha Brown"", ""observed_date"": ""2026-07-01"", ""price_eur"": 7.17, ""record_id"": ""CM029"", ""signal_score_0_100"": 15.1, ""signal_valid"": true, ""source"": ""tiktok_shop_signal"", ""trend_score_12w_pct"": 0.234}]",HC0013,Naturtint Root Retouch Espresso Brown,Naturtint,Permanent Color,Dark Brown,Henkel Beauty Care,False,aktiv,in_stock,Evergreen,60 ml,11.82,6807.24,602,0.558,0.241,105354.34,0.115,6.461281044520804,7.333870233961558,0.388,49,"[""HC0001"", ""HC0008"", ""HC0011"", ""HC0015"", ""HC0017"", ""HC0018"", ""HC0025"", ""HC0028"", ""HC0032"", ""HC0037"", ""HC0040"", ""HC0041"", ""HC0048"", ""HC0049"", ""HC0051"", ""HC0064"", ""HC0083"", ""HC0094"", ""HC0096"", ""HC0099"", ""HC0105"", ""HC0106"", ""HC0110"", ""HC0112"", ""HC0120"", ""HC0123"", ""HC0131"", ""HC0132"", ""HC0142"", ""HC0146"", ""HC0159"", ""HC0167"", ""HC0170"", ""HC0172"", ""HC0176"", ""HC0177"", ""HC0179"", ""HC0182"", ""HC0184"", ""HC0190"", ""HC0191"", ""HC0195"", ""HC0201"", ""HC0206"", ""HC0207"", ""HC0211"", ""HC0212"", ""HC0222"", ""HC0231""]",7.17,1,10.0
sku-HC0050,Test merchandising for Wella Shinefinity Pearl Blonde (HC0050),Test promotion,Next,Snapshot only,"Source fields support a review; a single snapshot does not establish the cause, commercial feasibility or probability of success.","In stock, with demand proxy €210,625.26 above the €95,238.14 threshold and growing +12.6%. Channel / proxy ratio 5.14% is below the 5.38% subcategory peer median.","Verify availability, product visibility and promotional economics. Run a small, time-bounded merchandising test with a baseline or control.",Category / merchandising manager,Incremental units and gross profit net of promotional costs and cannibalisation.,508.34,Revenue,12 weeks,"max(0, €210,625.26 x 0.05384400272156941 - €10,832.57) = €508.34","[""Benchmark: median channel / market-demand-proxy ratio of 10 other active, in-stock, selling SKUs in this subcategory."", ""Assumes the peer ratio is a relevant comparison; it does not prove stock or promotion caused the distance."", ""Snapshot benchmark distance, not forecast, guaranteed gain or upper bound; stock duration and distribution coverage are unknown."", ""No annualisation, elasticity, promotional cost or cannibalisation is modelled.""]",[],"[""One 12-week aggregate and current status/stock fields; the period end and stock duration are not supplied."", ""Market revenue is a demand proxy, not a verified addressable sales pool.""]","[{""file"": ""sku_performance.csv"", ""record_id"": ""HC0050"", ""row_number"": 51}, {""file"": ""product_metadata.csv"", ""record_id"": ""HC0050"", ""row_number"": 51}, {""file"": ""competitor_market_signals.csv"", ""record_id"": ""CM002"", ""row_number"": 3}]","[{""brand"": ""Wella"", ""name"": ""Wella Shinefinity Pearl Blonde Gloss"", ""observed_date"": ""2026-07-01"", ""price_eur"": 14.49, ""record_id"": ""CM002"", ""signal_score_0_100"": 93.5, ""signal_valid"": true, ""source"": ""flaconi.de"", ""trend_score_12w_pct"": 0.44}]",HC0050,Wella Shinefinity Pearl Blonde,Wella,Toner / Gloss,Ash Blonde,Henkel Beauty Care,False,aktiv,in_stock,Evergreen,60 ml,15.53,10832.57,612,0.35,0.157,210625.26,0.126,5.1430535919575835,5.384400272156941,0.436,10,"[""HC0045"", ""HC0066"", ""HC0097"", ""HC0121"", ""HC0153"", ""HC0158"", ""HC0163"", ""HC0185"", ""HC0226"", ""HC0233""]",14.49,1,5.0
sku-HC0211,Test merchandising for Goldwell Topchic Cool Ash Blonde (HC0211),Test promotion,Next,Snapshot only,"Source fields support a review; a single snapshot does not establish the cause, commercial feasibility or probability of success.","In stock, with demand proxy €114,109.68 above the €95,238.14 threshold and growing +63.7%. Channel / proxy ratio 6.93% is below the 7.33% subcategory peer median.","Verify availability, product visibility and promotional economics. Run a small, time-bounded merchandising test with a baseline or control.",Category / merchandising manager,Incremental units and gross profit net of promotional costs and cannibalisation.,465.64,Revenue,12 weeks,"max(0, €114,109.68 x 0.07333870233961558 - €7,903.02) = €465.64","[""Benchmark: median channel / market-demand-proxy ratio of 49 other active, in-stock, selling SKUs in this subcategory."", ""Assumes the peer ratio is a relevant comparison; it does not prove stock or promotion caused the distance."", ""Snapshot benchmark distance, not forecast, guaranteed gain or upper bound; stock duration and distribution coverage are unknown."", ""No annualisation, elasticity, promotional cost or cannibalisation is modelled.""]",[],"[""One 12-week aggregate and current status/stock fields; the period end and stock duration are not supplied."", ""Market revenue is a demand proxy, not a verified addressable sales pool.""]","[{""file"": ""sku_performance.csv"", ""record_id"": ""HC0211"", ""row_number"": 212}, {""file"": ""product_metadata.csv"", ""record_id"": ""HC0211"", ""row_number"": 212}, {""file"": ""competitor_market_signals.csv"", ""record_id"": ""CM053"", ""row_number"": 54}]","[{""brand"": ""Clairol"", ""name"": ""Clairol Color Cool Ash Blonde"", ""observed_date"": ""2026-07-01"", ""price_eur"": 16.97, ""record_id"": ""CM053"", ""signal_score_0_100"": 11.2, ""signal_valid"": true, ""source"": ""google_trends"", ""trend_score_12w_pct"": 0.011}]",HC0211,Goldwell Topchic Cool Ash Blonde,Goldwell,Permanent Color,Ash Blonde,Henkel Beauty Care,False,aktiv,in_stock,Evergreen,100 ml,22.84,7903.02,321,0.568,0.475,114109.68,0.637,6.925810325644591,7.333870233961558,0.388,49,"[""HC0001"", ""HC0008"", ""HC0011"", ""HC0013"", ""HC0015"", ""HC0017"", ""HC0018"", ""HC0025"", ""HC0028"", ""HC0032"", ""HC0037"", ""HC0040"", ""HC0041"", ""HC0048"", ""HC0049"", ""HC0051"", ""HC0064"", ""HC0083"", ""HC0094"", ""HC0096"", ""HC0099"", ""HC0105"", ""HC0106"", ""HC0110"", ""HC0112"", ""HC0120"", ""HC0123"", ""HC0131"", ""HC0132"", ""HC0142"", ""HC0146"", ""HC0159"", ""HC0167"", ""HC0170"", ""HC0172"", ""HC0176"", ""HC0177"", ""HC0179"", ""HC0182"", ""HC0184"", ""HC0190"", ""HC0191"", ""HC0195"", ""HC0201"", ""HC0206"", ""HC0207"", ""HC0212"", ""HC0222"", ""HC0231""]",16.97,1,12.0
sku-HC0001,Test merchandising for Schwarzkopf Brilliance Icy Plum Winter Edition (HC0001),Test promotion,Next,Snapshot only,"Source fields support a review; a single snapshot does not establish the cause, commercial feasibility or probability of success.","In stock, with demand proxy €181,000.00 above the €95,238.14 threshold and growing +18.0%. Channel / proxy ratio 7.10% is below the 7.33% subcategory peer median.","Verify availability, product visibility and promotional economics. Run a small, time-bounded merchandising test with a baseline or control.",Category / merchandising manager,Incremental units and gross profit net of promotional costs and cannibalisation.,424.31,Revenue,12 weeks,"max(0, €181,000.00 x 0.07333870233961558 - €12,850.00) = €424.31","[""Benchmark: median channel / market-demand-proxy ratio of 49 other active, in-stock, selling SKUs in this subcategory."", ""Assumes the peer ratio is a relevant comparison; it does not prove stock or promotion caused the distance."", ""Snapshot benchmark distance, not forecast, guaranteed gain or upper bound; stock duration and distribution coverage are unknown."", ""No annualisation, elasticity, promotional cost or cannibalisation is modelled.""]",[],"[""One 12-week aggregate and current status/stock fields; the period end and stock duration are not supplied."", ""Market revenue is a demand proxy, not a verified addressable sales pool."", ""Winter item: verify the selling calendar before promotion, reactivation or clearance; the performance-window end is unknown.""]","[{""file"": ""sku_performance.csv"", ""record_id"": ""HC0001"", ""row_number"": 2}, {""file"": ""product_metadata.csv"", ""record_id"": ""HC0001"", ""row_number"": 2}, {""file"": ""competitor_market_signals.csv"", ""record_id"": ""CM065"", ""row_number"": 66}]","[{""brand"": ""John Frieda"", ""name"": ""John Frieda Permanent Frosted Chestnut"", ""observed_date"": ""2026-07-01"", ""price_eur"": 20.82, ""record_id"": ""CM065"", ""signal_score_0_100"": 8.6, ""signal_valid"": true, ""source"": ""dm.de"", ""trend_score_12w_pct"": -0.051}]",HC0001,Schwarzkopf Brilliance Icy Plum Winter Edition,Schwarzkopf,Permanent Color,Winter,Labo Natural,False,aktiv,in_stock,Winter,200 ml,15.23,12850.0,843,0.348,-0.99,181000.0,0.18,7.099447513812154,7.333870233961558,0.394,49,"[""HC0008"", ""HC0011"", ""HC0013"", ""HC0015"", ""HC0017"", ""HC0018"", ""HC0025"", ""HC0028"", ""HC0032"", ""HC0037"", ""HC0040"", ""HC0041"", ""HC0048"", ""HC0049"", ""HC0051"", ""HC0064"", ""HC0083"", ""HC0094"", ""HC0096"", ""HC0099"", ""HC0105"", ""HC0106"", ""HC0110"", ""HC0112"", ""HC0120"", ""HC0123"", ""HC0131"", ""HC0132"", ""HC0142"", ""HC0146"", ""HC0159"", ""HC0167"", ""HC0170"", ""HC0172"", ""HC0176"", ""HC0177"", ""HC0179"", ""HC0182"", ""HC0184"", ""HC0190"", ""HC0191"", ""HC0195"", ""HC0201"", ""HC0206"", ""HC0207"", ""HC0211"", ""HC0212"", ""HC0222"", ""HC0231""]",20.82,1,12.0
sku-HC0154,Test merchandising for Bleach London White Toner Ultra Violet (HC0154),Test promotion,Next,Snapshot only,"Source fields support a review; a single snapshot does not establish the cause, commercial feasibility or probability of success.","In stock, with demand proxy €97,657.25 above the €95,238.14 threshold and growing +21.8%. Channel / proxy ratio 4.03% is below the 4.37% subcategory peer median.","Verify availability, product visibility and promotional economics. Run a small, time-bounded merchandising test with a baseline or control.",Category / merchandising manager,Incremental units and gross profit net of promotional costs and cannibalisation.,331.79,Revenue,12 weeks,"max(0, €97,657.25 x 0.0436976984691773 - €3,935.61) = €331.79","[""Benchmark: median channel / market-demand-proxy ratio of 26 other active, in-stock, selling SKUs in this subcategory."", ""Assumes the peer ratio is a relevant comparison; it does not prove stock or promotion caused the distance."", ""Snapshot benchmark distance, not forecast, guaranteed gain or upper bound; stock duration and distribution coverage are unknown."", ""No annualisation, elasticity, promotional cost or cannibalisation is modelled.""]",[],"[""One 12-week aggregate and current status/stock fields; the period end and stock duration are not supplied."", ""Market revenue is a demand proxy, not a verified addressable sales pool.""]","[{""file"": ""sku_performance.csv"", ""record_id"": ""HC0154"", ""row_number"": 155}, {""file"": ""product_metadata.csv"", ""record_id"": ""HC0154"", ""row_number"": 155}, {""file"": ""competitor_market_signals.csv"", ""record_id"": ""CM001"", ""row_number"": 2}, {""file"": ""competitor_market_signals.csv"", ""record_id"": ""CM034"", ""row_number"": 35}]","[{""brand"": ""Manic Panic"", ""name"": ""Manic Panic High Voltage Ultra Violet"", ""observed_date"": ""2026-07-01"", ""price_eur"": 11.99, ""record_id"": ""CM001"", ""signal_score_0_100"": 96.0, ""signal_valid"": true, ""source"": ""amazon.de"", ""trend_score_12w_pct"": 0.58}, {""brand"": ""Madison Reed"", ""name"": ""Madison Reed Root Ultra Violet"", ""observed_date"": ""2026-07-01"", ""price_eur"": 7.16, ""record_id"": ""CM034"", ""signal_score_0_100"": 7.1, ""signal_valid"": true, ""source"": ""flaconi.de"", ""trend_score_12w_pct"": 0.038}]",HC0154,Bleach London White Toner Ultra Violet,Bleach London,Semi-Permanent / Fashion Color,Vivid,Coty DACH,False,aktiv,in_stock,Evergreen,150 ml,12.64,3935.61,300,0.42,0.267,97657.25,0.218,4.030023372560665,4.36976984691773,0.3575,26,"[""HC0038"", ""HC0055"", ""HC0057"", ""HC0059"", ""HC0061"", ""HC0068"", ""HC0074"", ""HC0077"", ""HC0078"", ""HC0080"", ""HC0088"", ""HC0102"", ""HC0113"", ""HC0115"", ""HC0133"", ""HC0149"", ""HC0171"", ""HC0180"", ""HC0186"", ""HC0197"", ""HC0208"", ""HC0209"", ""HC0215"", ""HC0219"", ""HC0224"", ""HC0228""]",9.575,2,6.0
sku-HC0126,Validate price comparators for Kristin Ess Hair Gloss Espresso Brown (HC0126),Review price benchmark,Validate first,Limited comparison,1 category/shade competitor observations; independent sources and pack/form comparability are not established.,Price €34.82 is 4.86x the €7.17 category/shade comparator median while channel trend is -23.1%. Like-for-like comparability is unverified.,"Also verify current availability before making a volume-dependent commercial change. Refresh the observations and match product form, pack size and positioning before drawing a pricing conclusion. Do not automatically cut price.",Buyer / pricing analyst,Verified like-for-like comparators and an approved pricing hypothesis.,,Not estimated,12 weeks,No defensible monetary estimate from the supplied data.,"[""An investigation is recommended; financial impact is not established.""]",[],"[""One 12-week aggregate and current status/stock fields; the period end and stock duration are not supplied."", ""Market revenue is a demand proxy, not a verified addressable sales pool."", ""Current stock is low stock. Verify supply before assuming the historical sales volume can continue."", ""Matching subcategory and shade does not establish like-for-like pricing or substitutability; competitor pack size and product form are not verified."", ""Competitor rows are observations, not necessarily independent corroboration. Refresh sources before a commercial decision."", ""Only one competitor observation supports this comparison."", ""Competitor evidence is older than the 60-day review threshold.""]","[{""file"": ""sku_performance.csv"", ""record_id"": ""HC0126"", ""row_number"": 127}, {""file"": ""product_metadata.csv"", ""record_id"": ""HC0126"", ""row_number"": 127}, {""file"": ""competitor_market_signals.csv"", ""record_id"": ""CM029"", ""row_number"": 30}]","[{""brand"": ""Crazy Color"", ""name"": ""Crazy Color Gloss Mocha Brown"", ""observed_date"": ""2026-07-01"", ""price_eur"": 7.17, ""record_id"": ""CM029"", ""signal_score_0_100"": 15.1, ""signal_valid"": true, ""source"": ""tiktok_shop_signal"", ""trend_score_12w_pct"": 0.234}]",HC0126,Kristin Ess Hair Gloss Espresso Brown,Kristin Ess,Permanent Color,Dark Brown,SalonPro Distribution,False,aktiv,low_stock,Evergreen,150 ml,34.82,17092.87,483,0.308,-0.231,392016.86,-0.089,4.360238485661051,7.216658873886855,0.391,50,"[""HC0001"", ""HC0008"", ""HC0011"", ""HC0013"", ""HC0015"", ""HC0017"", ""HC0018"", ""HC0025"", ""HC0028"", ""HC0032"", ""HC0037"", ""HC0040"", ""HC0041"", ""HC0048"", ""HC0049"", ""HC0051"", ""HC0064"", ""HC0083"", ""HC0094"", ""HC0096"", ""HC0099"", ""HC0105"", ""HC0106"", ""HC0110"", ""HC0112"", ""HC0120"", ""HC0123"", ""HC0131"", ""HC0132"", ""HC0142"", ""HC0146"", ""HC0159"", ""HC0167"", ""HC0170"", ""HC0172"", ""HC0176"", ""HC0177"", ""HC0179"", ""HC0182"", ""HC0184"", ""HC0190"", ""HC0191"", ""HC0195"", ""HC0201"", ""HC0206"", ""HC0207"", ""HC0211"", ""HC0212"", ""HC0222"", ""HC0231""]",7.17,1,8.0
sku-HC0152,Validate price comparators for eSalon Camo Mist Burgundy Red (HC0152),Review price benchmark,Validate first,Limited comparison,2 category/shade competitor observations; independent sources and pack/form comparability are not established.,Price €34.28 is 1.31x the €26.16 category/shade comparator median while channel trend is -30.1%. Like-for-like comparability is unverified.,"Also verify current availability before making a volume-dependent commercial change. Refresh the observations and match product form, pack size and positioning before drawing a pricing conclusion. Do not automatically cut price.",Buyer / pricing analyst,Verified like-for-like comparators and an approved pricing hypothesis.,,Not estimated,12 weeks,No defensible monetary estimate from the supplied data.,"[""An investigation is recommended; financial impact is not established.""]",[],"[""One 12-week aggregate and current status/stock fields; the period end and stock duration are not supplied."", ""Market revenue is a demand proxy, not a verified addressable sales pool."", ""Current stock is low stock. Verify supply before assuming the historical sales volume can continue."", ""Matching subcategory and shade does not establish like-for-like pricing or substitutability; competitor pack size and product form are not verified."", ""Competitor rows are observations, not necessarily independent corroboration. Refresh sources before a commercial decision."", ""Competitor evidence is older than the 60-day review threshold.""]","[{""file"": ""sku_performance.csv"", ""record_id"": ""HC0152"", ""row_number"": 153}, {""file"": ""product_metadata.csv"", ""record_id"": ""HC0152"", ""row_number"": 153}, {""file"": ""competitor_market_signals.csv"", ""record_id"": ""CM045"", ""row_number"": 46}, {""file"": ""competitor_market_signals.csv"", ""record_id"": ""CM052"", ""row_number"": 53}]","[{""brand"": ""Syoss"", ""name"": ""Syoss Permanent Intense Red"", ""observed_date"": ""2026-07-01"", ""price_eur"": 25.5, ""record_id"": ""CM045"", ""signal_score_0_100"": 42.3, ""signal_valid"": true, ""source"": ""google_trends"", ""trend_score_12w_pct"": -0.147}, {""brand"": ""Revlon"", ""name"": ""Revlon Permanent Intense Red"", ""observed_date"": ""2026-07-01"", ""price_eur"": 26.82, ""record_id"": ""CM052"", ""signal_score_0_100"": 78.6, ""signal_valid"": true, ""source"": ""google_trends"", ""trend_score_12w_pct"": 0.18}]",HC0152,eSalon Camo Mist Burgundy Red,eSalon,Permanent Color,Red,Labo Natural,False,aktiv,low_stock,Evergreen,150 ml,34.28,27901.5,829,0.437,-0.301,383560.22,-0.183,7.274346646271086,7.216658873886855,0.391,50,"[""HC0001"", ""HC0008"", ""HC0011"", ""HC0013"", ""HC0015"", ""HC0017"", ""HC0018"", ""HC0025"", ""HC0028"", ""HC0032"", ""HC0037"", ""HC0040"", ""HC0041"", ""HC0048"", ""HC0049"", ""HC0051"", ""HC0064"", ""HC0083"", ""HC0094"", ""HC0096"", ""HC0099"", ""HC0105"", ""HC0106"", ""HC0110"", ""HC0112"", ""HC0120"", ""HC0123"", ""HC0131"", ""HC0132"", ""HC0142"", ""HC0146"", ""HC0159"", ""HC0167"", ""HC0170"", ""HC0172"", ""HC0176"", ""HC0177"", ""HC0179"", ""HC0182"", ""HC0184"", ""HC0190"", ""HC0191"", ""HC0195"", ""HC0201"", ""HC0206"", ""HC0207"", ""HC0211"", ""HC0212"", ""HC0222"", ""HC0231""]",26.16,2,4.0
sku-HC0142,Validate price comparators for John Frieda Precision Foam Spiced Copper (HC0142),Review price benchmark,Validate first,Limited comparison,3 category/shade competitor observations; independent sources and pack/form comparability are not established.,Price €14.36 is 1.18x the €12.15 category/shade comparator median while channel trend is -26.0%. Like-for-like comparability is unverified.,"Refresh the observations and match product form, pack size and positioning before drawing a pricing conclusion. Do not automatically cut price.",Buyer / pricing analyst,Verified like-for-like comparators and an approved pricing hypothesis.,,Not estimated,12 weeks,No defensible monetary estimate from the supplied data.,"[""An investigation is recommended; financial impact is not established.""]",[],"[""One 12-week aggregate and current status/stock fields; the period end and stock duration are not supplied."", ""Market revenue is a demand proxy, not a verified addressable sales pool."", ""Matching subcategory and shade does not establish like-for-like pricing or substitutability; competitor pack size and product form are not verified."", ""Competitor rows are observations, not necessarily independent corroboration. Refresh sources before a commercial decision."", ""Competitor evidence is older than the 60-day review threshold.""]","[{""file"": ""sku_performance.csv"", ""record_id"": ""HC0142"", ""row_number"": 143}, {""file"": ""product_metadata.csv"", ""record_id"": ""HC0142"", ""row_number"": 143}, {""file"": ""competitor_market_signals.csv"", ""record_id"": ""CM003"", ""row_number"": 4}, {""file"": ""competitor_market_signals.csv"", ""record_id"": ""CM019"", ""row_number"": 20}, {""file"": ""competitor_market_signals.csv"", ""record_id"": ""CM073"", ""row_number"": 74}]","[{""brand"": ""Garnier"", ""name"": ""Garnier Olia Copper Glow"", ""observed_date"": ""2026-07-01"", ""price_eur"": 7.95, ""record_id"": ""CM003"", ""signal_score_0_100"": 90.2, ""signal_valid"": true, ""source"": ""rossmann.de"", ""trend_score_12w_pct"": 0.33}, {""brand"": ""eSalon"", ""name"": ""eSalon Root Spiced Copper"", ""observed_date"": ""2026-07-01"", ""price_eur"": 17.39, ""record_id"": ""CM019"", ""signal_score_0_100"": 40.3, ""signal_valid"": true, ""source"": ""rossmann.de"", ""trend_score_12w_pct"": 0.531}, {""brand"": ""Kristin Ess"", ""name"": ""Kristin Ess Care Apricot Copper"", ""observed_date"": ""2026-07-01"", ""price_eur"": 12.15, ""record_id"": ""CM073"", ""signal_score_0_100"": 27.2, ""signal_valid"": true, ""source"": ""google_trends"", ""trend_score_12w_pct"": 0.1}]",HC0142,John Frieda Precision Foam Spiced Copper,John Frieda,Permanent Color,Copper,Coty DACH,False,aktiv,in_stock,Evergreen,60 ml,14.36,22956.5,1378,0.409,-0.26,305237.6,-0.178,7.520862436344671,7.099447513812154,0.388,49,"[""HC0001"", ""HC0008"", ""HC0011"", ""HC0013"", ""HC0015"", ""HC0017"", ""HC0018"", ""HC0025"", ""HC0028"", ""HC0032"", ""HC0037"", ""HC0040"", ""HC0041"", ""HC0048"", ""HC0049"", ""HC0051"", ""HC0064"", ""HC0083"", ""HC0094"", ""HC0096"", ""HC0099"", ""HC0105"", ""HC0106"", ""HC0110"", ""HC0112"", ""HC0120"", ""HC0123"", ""HC0131"", ""HC0132"", ""HC0146"", ""HC0159"", ""HC0167"", ""HC0170"", ""HC0172"", ""HC0176"", ""HC0177"", ""HC0179"", ""HC0182"", ""HC0184"", ""HC0190"", ""HC0191"", ""HC0195"", ""HC0201"", ""HC0206"", ""HC0207"", ""HC0211"", ""HC0212"", ""HC0222"", ""HC0231""]",12.15,3,10.0
sku-HC0205,Validate price comparators for Madison Reed Color Reviving Gloss Caramel Brown (HC0205),Review price benchmark,Validate first,Limited comparison,2 category/shade competitor observations; independent sources and pack/form comparability are not established.,Price €22.73 is 1.33x the €17.14 category/shade comparator median while channel trend is -16.2%. Like-for-like comparability is unverified.,"Also verify current availability before making a volume-dependent commercial change. Refresh the observations and match product form, pack size and positioning before drawing a pricing conclusion. Do not automatically cut price.",Buyer / pricing analyst,Verified like-for-like comparators and an approved pricing hypothesis.,,Not estimated,12 weeks,No defensible monetary estimate from the supplied data.,"[""An investigation is recommended; financial impact is not established.""]",[],"[""One 12-week aggregate and current status/stock fields; the period end and stock duration are not supplied."", ""Market revenue is a demand proxy, not a verified addressable sales pool."", ""Current stock is low stock. Verify supply before assuming the historical sales volume can continue."", ""Matching subcategory and shade does not establish like-for-like pricing or substitutability; competitor pack size and product form are not verified."", ""Competitor rows are observations, not necessarily independent corroboration. Refresh sources before a commercial decision."", ""Competitor evidence is older than the 60-day review threshold.""]","[{""file"": ""sku_performance.csv"", ""record_id"": ""HC0205"", ""row_number"": 206}, {""file"": ""product_metadata.csv"", ""record_id"": ""HC0205"", ""row_number"": 206}, {""file"": ""competitor_market_signals.csv"", ""record_id"": ""CM022"", ""row_number"": 23}, {""file"": ""competitor_market_signals.csv"", ""record_id"": ""CM024"", ""row_number"": 25}]","[{""brand"": ""Arctic Fox"", ""name"": ""Arctic Fox Care Caramel Brown"", ""observed_date"": ""2026-07-01"", ""price_eur"": 23.89, ""record_id"": ""CM022"", ""signal_score_0_100"": 14.4, ""signal_valid"": true, ""source"": ""amazon.de"", ""trend_score_12w_pct"": 0.51}, {""brand"": ""Kristin Ess"", ""name"": ""Kristin Ess Gloss Hazelnut Brown"", ""observed_date"": ""2026-07-01"", ""price_eur"": 10.38, ""record_id"": ""CM024"", ""signal_score_0_100"": 13.0, ""signal_valid"": true, ""source"": ""flaconi.de"", ""trend_score_12w_pct"": 0.21}]",HC0205,Madison Reed Color Reviving Gloss Caramel Brown,Madison Reed,Permanent Color,Medium Brown,Beauty Direct EU,False,aktiv,low_stock,Evergreen,1 kit,22.73,12397.2,582,0.513,-0.162,241204.44,-0.218,5.1397063835143335,7.216658873886855,0.391,50,"[""HC0001"", ""HC0008"", ""HC0011"", ""HC0013"", ""HC0015"", ""HC0017"", ""HC0018"", ""HC0025"", ""HC0028"", ""HC0032"", ""HC0037"", ""HC0040"", ""HC0041"", ""HC0048"", ""HC0049"", ""HC0051"", ""HC0064"", ""HC0083"", ""HC0094"", ""HC0096"", ""HC0099"", ""HC0105"", ""HC0106"", ""HC0110"", ""HC0112"", ""HC0120"", ""HC0123"", ""HC0131"", ""HC0132"", ""HC0142"", ""HC0146"", ""HC0159"", ""HC0167"", ""HC0170"", ""HC0172"", ""HC0176"", ""HC0177"", ""HC0179"", ""HC0182"", ""HC0184"", ""HC0190"", ""HC0191"", ""HC0195"", ""HC0201"", ""HC0206"", ""HC0207"", ""HC0211"", ""HC0212"", ""HC0222"", ""HC0231""]",17.135,2,8.0
sku-HC0201,Validate price comparators for Goldwell Topchic Espresso Brown (HC0201),Review price benchmark,Validate first,Limited comparison,1 category/shade competitor observations; independent sources and pack/form comparability are not established.,Price €15.40 is 2.15x the €7.17 category/shade comparator median while channel trend is -19.4%. Like-for-like comparability is unverified.,"Refresh the observations and match product form, pack size and positioning before drawing a pricing conclusion. Do not automatically cut price.",Buyer / pricing analyst,Verified like-for-like comparators and an approved pricing hypothesis.,,Not estimated,12 weeks,No defensible monetary estimate from the supplied data.,"[""An investigation is recommended; financial impact is not established.""]",[],"[""One 12-week aggregate and current status/stock fields; the period end and stock duration are not supplied."", ""Market revenue is a demand proxy, not a verified addressable sales pool."", ""Matching subcategory and shade does not establish like-for-like pricing or substitutability; competitor pack size and product form are not verified."", ""Competitor rows are observations, not necessarily independent corroboration. Refresh sources before a commercial decision."", ""Only one competitor observation supports this comparison."", ""Competitor evidence is older than the 60-day review threshold.""]","[{""file"": ""sku_performance.csv"", ""record_id"": ""HC0201"", ""row_number"": 202}, {""file"": ""product_metadata.csv"", ""record_id"": ""HC0201"", ""row_number"": 202}, {""file"": ""competitor_market_signals.csv"", ""record_id"": ""CM029"", ""row_number"": 30}]","[{""brand"": ""Crazy Color"", ""name"": ""Crazy Color Gloss Mocha Brown"", ""observed_date"": ""2026-07-01"", ""price_eur"": 7.17, ""record_id"": ""CM029"", ""signal_score_0_100"": 15.1, ""signal_valid"": true, ""source"": ""tiktok_shop_signal"", ""trend_score_12w_pct"": 0.234}]",HC0201,Goldwell Topchic Espresso Brown,Goldwell,Permanent Color,Dark Brown,Henkel Beauty Care,False,aktiv,in_stock,Evergreen,2 x 1 kit,15.4,9351.23,572,0.28,-0.194,131842.53,-0.266,7.092726451775462,7.333870233961558,0.394,49,"[""HC0001"", ""HC0008"", ""HC0011"", ""HC0013"", ""HC0015"", ""HC0017"", ""HC0018"", ""HC0025"", ""HC0028"", ""HC0032"", ""HC0037"", ""HC0040"", ""HC0041"", ""HC0048"", ""HC0049"", ""HC0051"", ""HC0064"", ""HC0083"", ""HC0094"", ""HC0096"", ""HC0099"", ""HC0105"", ""HC0106"", ""HC0110"", ""HC0112"", ""HC0120"", ""HC0123"", ""HC0131"", ""HC0132"", ""HC0142"", ""HC0146"", ""HC0159"", ""HC0167"", ""HC0170"", ""HC0172"", ""HC0176"", ""HC0177"", ""HC0179"", ""HC0182"", ""HC0184"", ""HC0190"", ""HC0191"", ""HC0195"", ""HC0206"", ""HC0207"", ""HC0211"", ""HC0212"", ""HC0222"", ""HC0231""]",7.17,1,4.0
sku-HC0147,Validate price comparators for John Frieda Go Blonder Pastel Pink (HC0147),Review price benchmark,Validate first,Limited comparison,2 category/shade competitor observations; independent sources and pack/form comparability are not established.,Price €18.77 is 1.68x the €11.21 category/shade comparator median while channel trend is -40.2%. Like-for-like comparability is unverified.,"Also verify current availability before making a volume-dependent commercial change. Refresh the observations and match product form, pack size and positioning before drawing a pricing conclusion. Do not automatically cut price.",Buyer / pricing analyst,Verified like-for-like comparators and an approved pricing hypothesis.,,Not estimated,12 weeks,No defensible monetary estimate from the supplied data.,"[""An investigation is recommended; financial impact is not established.""]",[],"[""One 12-week aggregate and current status/stock fields; the period end and stock duration are not supplied."", ""Market revenue is a demand proxy, not a verified addressable sales pool."", ""Current stock is low stock. Verify supply before assuming the historical sales volume can continue."", ""Matching subcategory and shade does not establish like-for-like pricing or substitutability; competitor pack size and product form are not verified."", ""Competitor rows are observations, not necessarily independent corroboration. Refresh sources before a commercial decision."", ""Competitor evidence is older than the 60-day review threshold.""]","[{""file"": ""sku_performance.csv"", ""record_id"": ""HC0147"", ""row_number"": 148}, {""file"": ""product_metadata.csv"", ""record_id"": ""HC0147"", ""row_number"": 148}, {""file"": ""competitor_market_signals.csv"", ""record_id"": ""CM013"", ""row_number"": 14}, {""file"": ""competitor_market_signals.csv"", ""record_id"": ""CM068"", ""row_number"": 69}]","[{""brand"": ""eSalon"", ""name"": ""eSalon Permanent Peach Sorbet"", ""observed_date"": ""2026-07-01"", ""price_eur"": 17.37, ""record_id"": ""CM013"", ""signal_score_0_100"": 53.5, ""signal_valid"": true, ""source"": ""google_trends"", ""trend_score_12w_pct"": 0.12}, {""brand"": ""Goldwell"", ""name"": ""Goldwell Permanent Pastel Pink"", ""observed_date"": ""2026-07-01"", ""price_eur"": 5.04, ""record_id"": ""CM068"", ""signal_score_0_100"": 79.3, ""signal_valid"": true, ""source"": ""google_trends"", ""trend_score_12w_pct"": -0.126}]",HC0147,John Frieda Go Blonder Pastel Pink,John Frieda,Permanent Color,Pastel,Coty DACH,False,aktiv,low_stock,Evergreen,200 ml,18.77,9069.62,541,0.418,-0.402,122880.66,-0.543,7.380836007879515,7.216658873886855,0.391,50,"[""HC0001"", ""HC0008"", ""HC0011"", ""HC0013"", ""HC0015"", ""HC0017"", ""HC0018"", ""HC0025"", ""HC0028"", ""HC0032"", ""HC0037"", ""HC0040"", ""HC0041"", ""HC0048"", ""HC0049"", ""HC0051"", ""HC0064"", ""HC0083"", ""HC0094"", ""HC0096"", ""HC0099"", ""HC0105"", ""HC0106"", ""HC0110"", ""HC0112"", ""HC0120"", ""HC0123"", ""HC0131"", ""HC0132"", ""HC0142"", ""HC0146"", ""HC0159"", ""HC0167"", ""HC0170"", ""HC0172"", ""HC0176"", ""HC0177"", ""HC0179"", ""HC0182"", ""HC0184"", ""HC0190"", ""HC0191"", ""HC0195"", ""HC0201"", ""HC0206"", ""HC0207"", ""HC0211"", ""HC0212"", ""HC0222"", ""HC0231""]",11.205000000000002,2,12.0
sku-HC0219,Validate price comparators for Crazy Color Semi Permanent Pearl Silver (HC0219),Review price benchmark,Validate first,Limited comparison,1 category/shade competitor observations; independent sources and pack/form comparability are not established.,Price €18.69 is 3.28x the €5.69 category/shade comparator median while channel trend is -43.9%. Like-for-like comparability is unverified.,"Refresh the observations and match product form, pack size and positioning before drawing a pricing conclusion. Do not automatically cut price.",Buyer / pricing analyst,Verified like-for-like comparators and an approved pricing hypothesis.,,Not estimated,12 weeks,No defensible monetary estimate from the supplied data.,"[""An investigation is recommended; financial impact is not established.""]",[],"[""One 12-week aggregate and current status/stock fields; the period end and stock duration are not supplied."", ""Market revenue is a demand proxy, not a verified addressable sales pool."", ""Matching subcategory and shade does not establish like-for-like pricing or substitutability; competitor pack size and product form are not verified."", ""Competitor rows are observations, not necessarily independent corroboration. Refresh sources before a commercial decision."", ""Only one competitor observation supports this comparison."", ""Competitor evidence is older than the 60-day review threshold.""]","[{""file"": ""sku_performance.csv"", ""record_id"": ""HC0219"", ""row_number"": 220}, {""file"": ""product_metadata.csv"", ""record_id"": ""HC0219"", ""row_number"": 220}, {""file"": ""competitor_market_signals.csv"", ""record_id"": ""CM012"", ""row_number"": 13}]","[{""brand"": ""Herbatint"", ""name"": ""Herbatint Color Pearl Silver"", ""observed_date"": ""2026-07-01"", ""price_eur"": 5.69, ""record_id"": ""CM012"", ""signal_score_0_100"": 61.6, ""signal_valid"": true, ""source"": ""rossmann.de"", ""trend_score_12w_pct"": -0.33}]",HC0219,Crazy Color Semi Permanent Pearl Silver,Crazy Color,Semi-Permanent / Fashion Color,Silver/Grey,Coty DACH,False,aktiv,in_stock,Evergreen,60 ml,18.69,3199.25,165,0.435,-0.439,85118.44,-0.547,3.7585862710829754,4.36976984691773,0.3575,26,"[""HC0038"", ""HC0055"", ""HC0057"", ""HC0059"", ""HC0061"", ""HC0068"", ""HC0074"", ""HC0077"", ""HC0078"", ""HC0080"", ""HC0088"", ""HC0102"", ""HC0113"", ""HC0115"", ""HC0133"", ""HC0149"", ""HC0154"", ""HC0171"", ""HC0180"", ""HC0186"", ""HC0197"", ""HC0208"", ""HC0209"", ""HC0215"", ""HC0224"", ""HC0228""]",5.69,1,6.0
sku-HC0189,Validate price comparators for Directions Pastel Toner Burgundy Red (HC0189),Review price benchmark,Validate first,Limited comparison,1 category/shade competitor observations; independent sources and pack/form comparability are not established.,Price €12.31 is 1.48x the €8.32 category/shade comparator median while channel trend is -22.3%. Like-for-like comparability is unverified.,"Refresh the observations and match product form, pack size and positioning before drawing a pricing conclusion. Do not automatically cut price.",Buyer / pricing analyst,Verified like-for-like comparators and an approved pricing hypothesis.,,Not estimated,12 weeks,No defensible monetary estimate from the supplied data.,"[""An investigation is recommended; financial impact is not established.""]",[],"[""One 12-week aggregate and current status/stock fields; the period end and stock duration are not supplied."", ""Market revenue is a demand proxy, not a verified addressable sales pool."", ""Matching subcategory and shade does not establish like-for-like pricing or substitutability; competitor pack size and product form are not verified."", ""Competitor rows are observations, not necessarily independent corroboration. Refresh sources before a commercial decision."", ""Only one competitor observation supports this comparison."", ""Competitor evidence is older than the 60-day review threshold.""]","[{""file"": ""sku_performance.csv"", ""record_id"": ""HC0189"", ""row_number"": 190}, {""file"": ""product_metadata.csv"", ""record_id"": ""HC0189"", ""row_number"": 190}, {""file"": ""competitor_market_signals.csv"", ""record_id"": ""CM015"", ""row_number"": 16}]","[{""brand"": ""John Frieda"", ""name"": ""John Frieda Care Intense Red"", ""observed_date"": ""2026-07-01"", ""price_eur"": 8.32, ""record_id"": ""CM015"", ""signal_score_0_100"": 68.4, ""signal_valid"": true, ""source"": ""flaconi.de"", ""trend_score_12w_pct"": -0.148}]",HC0189,Directions Pastel Toner Burgundy Red,Directions,Root Touch-Up,Red,Beauty Direct EU,False,aktiv,in_stock,Evergreen,200 ml,12.31,4848.74,408,0.373,-0.223,77184.22,-0.371,6.282035369405818,5.34528288648953,0.352,25,"[""HC0005"", ""HC0020"", ""HC0042"", ""HC0046"", ""HC0052"", ""HC0056"", ""HC0071"", ""HC0075"", ""HC0076"", ""HC0084"", ""HC0086"", ""HC0090"", ""HC0145"", ""HC0148"", ""HC0155"", ""HC0156"", ""HC0157"", ""HC0161"", ""HC0174"", ""HC0178"", ""HC0181"", ""HC0203"", ""HC0204"", ""HC0213"", ""HC0217""]",8.32,1,12.0
sku-HC0170,Validate price comparators for Crazy Color Platinum Toner Mocha Brown (HC0170),Review price benchmark,Validate first,Limited comparison,1 category/shade competitor observations; independent sources and pack/form comparability are not established.,Price €15.16 is 2.11x the €7.17 category/shade comparator median while channel trend is -8.9%. Like-for-like comparability is unverified.,"Refresh the observations and match product form, pack size and positioning before drawing a pricing conclusion. Do not automatically cut price.",Buyer / pricing analyst,Verified like-for-like comparators and an approved pricing hypothesis.,,Not estimated,12 weeks,No defensible monetary estimate from the supplied data.,"[""An investigation is recommended; financial impact is not established.""]",[],"[""One 12-week aggregate and current status/stock fields; the period end and stock duration are not supplied."", ""Market revenue is a demand proxy, not a verified addressable sales pool."", ""Matching subcategory and shade does not establish like-for-like pricing or substitutability; competitor pack size and product form are not verified."", ""Competitor rows are observations, not necessarily independent corroboration. Refresh sources before a commercial decision."", ""Only one competitor observation supports this comparison."", ""Competitor evidence is older than the 60-day review threshold.""]","[{""file"": ""sku_performance.csv"", ""record_id"": ""HC0170"", ""row_number"": 171}, {""file"": ""product_metadata.csv"", ""record_id"": ""HC0170"", ""row_number"": 171}, {""file"": ""competitor_market_signals.csv"", ""record_id"": ""CM029"", ""row_number"": 30}]","[{""brand"": ""Crazy Color"", ""name"": ""Crazy Color Gloss Mocha Brown"", ""observed_date"": ""2026-07-01"", ""price_eur"": 7.17, ""record_id"": ""CM029"", ""signal_score_0_100"": 15.1, ""signal_valid"": true, ""source"": ""tiktok_shop_signal"", ""trend_score_12w_pct"": 0.234}]",HC0170,Crazy Color Platinum Toner Mocha Brown,Crazy Color,Permanent Color,Dark Brown,Beauty Direct EU,False,aktiv,in_stock,Evergreen,2 x 1 kit,15.16,8668.61,494,0.543,-0.089,61211.33,-0.1,14.161773645499942,7.099447513812154,0.388,49,"[""HC0001"", ""HC0008"", ""HC0011"", ""HC0013"", ""HC0015"", ""HC0017"", ""HC0018"", ""HC0025"", ""HC0028"", ""HC0032"", ""HC0037"", ""HC0040"", ""HC0041"", ""HC0048"", ""HC0049"", ""HC0051"", ""HC0064"", ""HC0083"", ""HC0094"", ""HC0096"", ""HC0099"", ""HC0105"", ""HC0106"", ""HC0110"", ""HC0112"", ""HC0120"", ""HC0123"", ""HC0131"", ""HC0132"", ""HC0142"", ""HC0146"", ""HC0159"", ""HC0167"", ""HC0172"", ""HC0176"", ""HC0177"", ""HC0179"", ""HC0182"", ""HC0184"", ""HC0190"", ""HC0191"", ""HC0195"", ""HC0201"", ""HC0206"", ""HC0207"", ""HC0211"", ""HC0212"", ""HC0222"", ""HC0231""]",7.17,1,6.0
sku-HC0088,Validate price comparators for got2b Metallics Electric Blue (HC0088),Review price benchmark,Validate first,Limited comparison,2 category/shade competitor observations; independent sources and pack/form comparability are not established.,Price €18.78 is 1.96x the €9.57 category/shade comparator median while channel trend is -40.3%. Like-for-like comparability is unverified.,"Refresh the observations and match product form, pack size and positioning before drawing a pricing conclusion. Do not automatically cut price.",Buyer / pricing analyst,Verified like-for-like comparators and an approved pricing hypothesis.,,Not estimated,12 weeks,No defensible monetary estimate from the supplied data.,"[""An investigation is recommended; financial impact is not established.""]",[],"[""One 12-week aggregate and current status/stock fields; the period end and stock duration are not supplied."", ""Market revenue is a demand proxy, not a verified addressable sales pool."", ""Matching subcategory and shade does not establish like-for-like pricing or substitutability; competitor pack size and product form are not verified."", ""Competitor rows are observations, not necessarily independent corroboration. Refresh sources before a commercial decision."", ""Competitor evidence is older than the 60-day review threshold.""]","[{""file"": ""sku_performance.csv"", ""record_id"": ""HC0088"", ""row_number"": 89}, {""file"": ""product_metadata.csv"", ""record_id"": ""HC0088"", ""row_number"": 89}, {""file"": ""competitor_market_signals.csv"", ""record_id"": ""CM001"", ""row_number"": 2}, {""file"": ""competitor_market_signals.csv"", ""record_id"": ""CM034"", ""row_number"": 35}]","[{""brand"": ""Manic Panic"", ""name"": ""Manic Panic High Voltage Ultra Violet"", ""observed_date"": ""2026-07-01"", ""price_eur"": 11.99, ""record_id"": ""CM001"", ""signal_score_0_100"": 96.0, ""signal_valid"": true, ""source"": ""amazon.de"", ""trend_score_12w_pct"": 0.58}, {""brand"": ""Madison Reed"", ""name"": ""Madison Reed Root Ultra Violet"", ""observed_date"": ""2026-07-01"", ""price_eur"": 7.16, ""record_id"": ""CM034"", ""signal_score_0_100"": 7.1, ""signal_valid"": true, ""source"": ""flaconi.de"", ""trend_score_12w_pct"": 0.038}]",HC0088,got2b Metallics Electric Blue,got2b,Semi-Permanent / Fashion Color,Vivid,Coty DACH,False,aktiv,in_stock,Evergreen,2 x 1 kit,18.78,2741.08,133,0.402,-0.403,59276.93,-0.459,4.624193594371368,4.122998156827724,0.3575,26,"[""HC0038"", ""HC0055"", ""HC0057"", ""HC0059"", ""HC0061"", ""HC0068"", ""HC0074"", ""HC0077"", ""HC0078"", ""HC0080"", ""HC0102"", ""HC0113"", ""HC0115"", ""HC0133"", ""HC0149"", ""HC0154"", ""HC0171"", ""HC0180"", ""HC0186"", ""HC0197"", ""HC0208"", ""HC0209"", ""HC0215"", ""HC0219"", ""HC0224"", ""HC0228""]",9.575,2,6.0
sku-HC0078,Validate price comparators for Madison Reed Color Reviving Gloss Neon Green (HC0078),Review price benchmark,Validate first,Limited comparison,2 category/shade competitor observations; independent sources and pack/form comparability are not established.,Price €31.72 is 3.31x the €9.57 category/shade comparator median while channel trend is -16.2%. Like-for-like comparability is unverified.,"Refresh the observations and match product form, pack size and positioning before drawing a pricing conclusion. Do not automatically cut price.",Buyer / pricing analyst,Verified like-for-like comparators and an approved pricing hypothesis.,,Not estimated,12 weeks,No defensible monetary estimate from the supplied data.,"[""An investigation is recommended; financial impact is not established.""]",[],"[""One 12-week aggregate and current status/stock fields; the period end and stock duration are not supplied."", ""Market revenue is a demand proxy, not a verified addressable sales pool."", ""Matching subcategory and shade does not establish like-for-like pricing or substitutability; competitor pack size and product form are not verified."", ""Competitor rows are observations, not necessarily independent corroboration. Refresh sources before a commercial decision."", ""Competitor evidence is older than the 60-day review threshold.""]","[{""file"": ""sku_performance.csv"", ""record_id"": ""HC0078"", ""row_number"": 79}, {""file"": ""product_metadata.csv"", ""record_id"": ""HC0078"", ""row_number"": 79}, {""file"": ""competitor_market_signals.csv"", ""record_id"": ""CM001"", ""row_number"": 2}, {""file"": ""competitor_market_signals.csv"", ""record_id"": ""CM034"", ""row_number"": 35}]","[{""brand"": ""Manic Panic"", ""name"": ""Manic Panic High Voltage Ultra Violet"", ""observed_date"": ""2026-07-01"", ""price_eur"": 11.99, ""record_id"": ""CM001"", ""signal_score_0_100"": 96.0, ""signal_valid"": true, ""source"": ""amazon.de"", ""trend_score_12w_pct"": 0.58}, {""brand"": ""Madison Reed"", ""name"": ""Madison Reed Root Ultra Violet"", ""observed_date"": ""2026-07-01"", ""price_eur"": 7.16, ""record_id"": ""CM034"", ""signal_score_0_100"": 7.1, ""signal_valid"": true, ""source"": ""flaconi.de"", ""trend_score_12w_pct"": 0.038}]",HC0078,Madison Reed Color Reviving Gloss Neon Green,Madison Reed,Semi-Permanent / Fashion Color,Vivid,P&G Beauty,False,aktiv,in_stock,Evergreen,150 ml,31.72,1784.82,66,0.296,-0.162,58566.77,-0.085,3.0474960459659974,4.36976984691773,0.3655,26,"[""HC0038"", ""HC0055"", ""HC0057"", ""HC0059"", ""HC0061"", ""HC0068"", ""HC0074"", ""HC0077"", ""HC0080"", ""HC0088"", ""HC0102"", ""HC0113"", ""HC0115"", ""HC0133"", ""HC0149"", ""HC0154"", ""HC0171"", ""HC0180"", ""HC0186"", ""HC0197"", ""HC0208"", ""HC0209"", ""HC0215"", ""HC0219"", ""HC0224"", ""HC0228""]",9.575,2,10.0
sku-HC0186,Validate price comparators for Bleach London Total Bleach Electric Blue (HC0186),Review price benchmark,Validate first,Limited comparison,2 category/shade competitor observations; independent sources and pack/form comparability are not established.,Price €17.07 is 1.78x the €9.57 category/shade comparator median while channel trend is -6.9%. Like-for-like comparability is unverified.,"Refresh the observations and match product form, pack size and positioning before drawing a pricing conclusion. Do not automatically cut price.",Buyer / pricing analyst,Verified like-for-like comparators and an approved pricing hypothesis.,,Not estimated,12 weeks,No defensible monetary estimate from the supplied data.,"[""An investigation is recommended; financial impact is not established.""]",[],"[""One 12-week aggregate and current status/stock fields; the period end and stock duration are not supplied."", ""Market revenue is a demand proxy, not a verified addressable sales pool."", ""Matching subcategory and shade does not establish like-for-like pricing or substitutability; competitor pack size and product form are not verified."", ""Competitor rows are observations, not necessarily independent corroboration. Refresh sources before a commercial decision."", ""Competitor evidence is older than the 60-day review threshold.""]","[{""file"": ""sku_performance.csv"", ""record_id"": ""HC0186"", ""row_number"": 187}, {""file"": ""product_metadata.csv"", ""record_id"": ""HC0186"", ""row_number"": 187}, {""file"": ""competitor_market_signals.csv"", ""record_id"": ""CM001"", ""row_number"": 2}, {""file"": ""competitor_market_signals.csv"", ""record_id"": ""CM034"", ""row_number"": 35}]","[{""brand"": ""Manic Panic"", ""name"": ""Manic Panic High Voltage Ultra Violet"", ""observed_date"": ""2026-07-01"", ""price_eur"": 11.99, ""record_id"": ""CM001"", ""signal_score_0_100"": 96.0, ""signal_valid"": true, ""source"": ""amazon.de"", ""trend_score_12w_pct"": 0.58}, {""brand"": ""Madison Reed"", ""name"": ""Madison Reed Root Ultra Violet"", ""observed_date"": ""2026-07-01"", ""price_eur"": 7.16, ""record_id"": ""CM034"", ""signal_score_0_100"": 7.1, ""signal_valid"": true, ""source"": ""flaconi.de"", ""trend_score_12w_pct"": 0.038}]",HC0186,Bleach London Total Bleach Electric Blue,Bleach London,Semi-Permanent / Fashion Color,Vivid,Indie Color Imports,False,aktiv,in_stock,Evergreen,60 ml,17.07,3564.15,213,0.536,-0.069,55397.54,-0.146,6.433769441747775,4.122998156827724,0.3575,26,"[""HC0038"", ""HC0055"", ""HC0057"", ""HC0059"", ""HC0061"", ""HC0068"", ""HC0074"", ""HC0077"", ""HC0078"", ""HC0080"", ""HC0088"", ""HC0102"", ""HC0113"", ""HC0115"", ""HC0133"", ""HC0149"", ""HC0154"", ""HC0171"", ""HC0180"", ""HC0197"", ""HC0208"", ""HC0209"", ""HC0215"", ""HC0219"", ""HC0224"", ""HC0228""]",9.575,2,4.0
sku-HC0057,Validate price comparators for Madison Reed Color Reviving Gloss Electric Blue (HC0057),Review price benchmark,Validate first,Limited comparison,2 category/shade competitor observations; independent sources and pack/form comparability are not established.,Price €33.59 is 3.51x the €9.57 category/shade comparator median while channel trend is -15.4%. Like-for-like comparability is unverified.,"Refresh the observations and match product form, pack size and positioning before drawing a pricing conclusion. Do not automatically cut price.",Buyer / pricing analyst,Verified like-for-like comparators and an approved pricing hypothesis.,,Not estimated,12 weeks,No defensible monetary estimate from the supplied data.,"[""An investigation is recommended; financial impact is not established.""]",[],"[""One 12-week aggregate and current status/stock fields; the period end and stock duration are not supplied."", ""Market revenue is a demand proxy, not a verified addressable sales pool."", ""Matching subcategory and shade does not establish like-for-like pricing or substitutability; competitor pack size and product form are not verified."", ""Competitor rows are observations, not necessarily independent corroboration. Refresh sources before a commercial decision."", ""Competitor evidence is older than the 60-day review threshold.""]","[{""file"": ""sku_performance.csv"", ""record_id"": ""HC0057"", ""row_number"": 58}, {""file"": ""product_metadata.csv"", ""record_id"": ""HC0057"", ""row_number"": 58}, {""file"": ""competitor_market_signals.csv"", ""record_id"": ""CM001"", ""row_number"": 2}, {""file"": ""competitor_market_signals.csv"", ""record_id"": ""CM034"", ""row_number"": 35}]","[{""brand"": ""Manic Panic"", ""name"": ""Manic Panic High Voltage Ultra Violet"", ""observed_date"": ""2026-07-01"", ""price_eur"": 11.99, ""record_id"": ""CM001"", ""signal_score_0_100"": 96.0, ""signal_valid"": true, ""source"": ""amazon.de"", ""trend_score_12w_pct"": 0.58}, {""brand"": ""Madison Reed"", ""name"": ""Madison Reed Root Ultra Violet"", ""observed_date"": ""2026-07-01"", ""price_eur"": 7.16, ""record_id"": ""CM034"", ""signal_score_0_100"": 7.1, ""signal_valid"": true, ""source"": ""flaconi.de"", ""trend_score_12w_pct"": 0.038}]",HC0057,Madison Reed Color Reviving Gloss Electric Blue,Madison Reed,Semi-Permanent / Fashion Color,Vivid,Beauty Direct EU,False,aktiv,in_stock,Evergreen,200 ml,33.59,2632.99,71,0.242,-0.154,45630.62,-0.05,5.770226220901666,4.122998156827724,0.3655,26,"[""HC0038"", ""HC0055"", ""HC0059"", ""HC0061"", ""HC0068"", ""HC0074"", ""HC0077"", ""HC0078"", ""HC0080"", ""HC0088"", ""HC0102"", ""HC0113"", ""HC0115"", ""HC0133"", ""HC0149"", ""HC0154"", ""HC0171"", ""HC0180"", ""HC0186"", ""HC0197"", ""HC0208"", ""HC0209"", ""HC0215"", ""HC0219"", ""HC0224"", ""HC0228""]",9.575,2,12.0
sku-HC0028,Validate price comparators for Madison Reed Radiant Hair Color Chocolate Brown (HC0028),Review price benchmark,Validate first,Limited comparison,1 category/shade competitor observations; independent sources and pack/form comparability are not established.,Price €30.03 is 4.19x the €7.17 category/shade comparator median while channel trend is -8.9%. Like-for-like comparability is unverified.,"Refresh the observations and match product form, pack size and positioning before drawing a pricing conclusion. Do not automatically cut price.",Buyer / pricing analyst,Verified like-for-like comparators and an approved pricing hypothesis.,,Not estimated,12 weeks,No defensible monetary estimate from the supplied data.,"[""An investigation is recommended; financial impact is not established.""]",[],"[""One 12-week aggregate and current status/stock fields; the period end and stock duration are not supplied."", ""Market revenue is a demand proxy, not a verified addressable sales pool."", ""Matching subcategory and shade does not establish like-for-like pricing or substitutability; competitor pack size and product form are not verified."", ""Competitor rows are observations, not necessarily independent corroboration. Refresh sources before a commercial decision."", ""Only one competitor observation supports this comparison."", ""Competitor evidence is older than the 60-day review threshold.""]","[{""file"": ""sku_performance.csv"", ""record_id"": ""HC0028"", ""row_number"": 29}, {""file"": ""product_metadata.csv"", ""record_id"": ""HC0028"", ""row_number"": 29}, {""file"": ""competitor_market_signals.csv"", ""record_id"": ""CM029"", ""row_number"": 30}]","[{""brand"": ""Crazy Color"", ""name"": ""Crazy Color Gloss Mocha Brown"", ""observed_date"": ""2026-07-01"", ""price_eur"": 7.17, ""record_id"": ""CM029"", ""signal_score_0_100"": 15.1, ""signal_valid"": true, ""source"": ""tiktok_shop_signal"", ""trend_score_12w_pct"": 0.234}]",HC0028,Madison Reed Radiant Hair Color Chocolate Brown,Madison Reed,Permanent Color,Dark Brown,Henkel Beauty Care,False,aktiv,in_stock,Evergreen,150 ml,30.03,1610.4,63,0.298,-0.089,43328.99,-0.16,3.71668021802493,7.333870233961558,0.394,49,"[""HC0001"", ""HC0008"", ""HC0011"", ""HC0013"", ""HC0015"", ""HC0017"", ""HC0018"", ""HC0025"", ""HC0032"", ""HC0037"", ""HC0040"", ""HC0041"", ""HC0048"", ""HC0049"", ""HC0051"", ""HC0064"", ""HC0083"", ""HC0094"", ""HC0096"", ""HC0099"", ""HC0105"", ""HC0106"", ""HC0110"", ""HC0112"", ""HC0120"", ""HC0123"", ""HC0131"", ""HC0132"", ""HC0142"", ""HC0146"", ""HC0159"", ""HC0167"", ""HC0170"", ""HC0172"", ""HC0176"", ""HC0177"", ""HC0179"", ""HC0182"", ""HC0184"", ""HC0190"", ""HC0191"", ""HC0195"", ""HC0201"", ""HC0206"", ""HC0207"", ""HC0211"", ""HC0212"", ""HC0222"", ""HC0231""]",7.17,1,12.0
sku-HC0196,Validate price comparators for John Frieda Go Blonder Peach Sorbet (HC0196),Review price benchmark,Validate first,Limited comparison,1 category/shade competitor observations; independent sources and pack/form comparability are not established.,Price €17.75 is 4.17x the €4.26 category/shade comparator median while channel trend is -26.4%. Like-for-like comparability is unverified.,"Also verify current availability before making a volume-dependent commercial change. Refresh the observations and match product form, pack size and positioning before drawing a pricing conclusion. Do not automatically cut price.",Buyer / pricing analyst,Verified like-for-like comparators and an approved pricing hypothesis.,,Not estimated,12 weeks,No defensible monetary estimate from the supplied data.,"[""An investigation is recommended; financial impact is not established.""]",[],"[""One 12-week aggregate and current status/stock fields; the period end and stock duration are not supplied."", ""Market revenue is a demand proxy, not a verified addressable sales pool."", ""Current stock is low stock. Verify supply before assuming the historical sales volume can continue."", ""Matching subcategory and shade does not establish like-for-like pricing or substitutability; competitor pack size and product form are not verified."", ""Competitor rows are observations, not necessarily independent corroboration. Refresh sources before a commercial decision."", ""Only one competitor observation supports this comparison."", ""Competitor evidence is older than the 60-day review threshold.""]","[{""file"": ""sku_performance.csv"", ""record_id"": ""HC0196"", ""row_number"": 197}, {""file"": ""product_metadata.csv"", ""record_id"": ""HC0196"", ""row_number"": 197}, {""file"": ""competitor_market_signals.csv"", ""record_id"": ""CM048"", ""row_number"": 49}]","[{""brand"": ""dpHUE"", ""name"": ""dpHUE Permanent Pastel Pink"", ""observed_date"": ""2026-07-01"", ""price_eur"": 4.26, ""record_id"": ""CM048"", ""signal_score_0_100"": 98.1, ""signal_valid"": true, ""source"": ""google_trends"", ""trend_score_12w_pct"": 0.048}]",HC0196,John Frieda Go Blonder Peach Sorbet,John Frieda,Semi-Permanent / Fashion Color,Pastel,SalonPro Distribution,False,aktiv,low_stock,Evergreen,150 ml,17.75,2831.75,135,0.332,-0.264,35796.63,-0.437,7.9106608638857905,4.215972941094782,0.363,27,"[""HC0038"", ""HC0055"", ""HC0057"", ""HC0059"", ""HC0061"", ""HC0068"", ""HC0074"", ""HC0077"", ""HC0078"", ""HC0080"", ""HC0088"", ""HC0102"", ""HC0113"", ""HC0115"", ""HC0133"", ""HC0149"", ""HC0154"", ""HC0171"", ""HC0180"", ""HC0186"", ""HC0197"", ""HC0208"", ""HC0209"", ""HC0215"", ""HC0219"", ""HC0224"", ""HC0228""]",4.26,1,12.0
sku-HC0200,Validate price comparators for Revlon Total Color Lavender Mist (HC0200),Review price benchmark,Validate first,Limited comparison,1 category/shade competitor observations; independent sources and pack/form comparability are not established.,Price €16.74 is 3.93x the €4.26 category/shade comparator median while channel trend is -9.0%. Like-for-like comparability is unverified.,"Also verify current availability before making a volume-dependent commercial change. Refresh the observations and match product form, pack size and positioning before drawing a pricing conclusion. Do not automatically cut price.",Buyer / pricing analyst,Verified like-for-like comparators and an approved pricing hypothesis.,,Not estimated,12 weeks,No defensible monetary estimate from the supplied data.,"[""An investigation is recommended; financial impact is not established.""]",[],"[""One 12-week aggregate and current status/stock fields; the period end and stock duration are not supplied."", ""Market revenue is a demand proxy, not a verified addressable sales pool."", ""Current stock is out of stock. Verify supply before assuming the historical sales volume can continue."", ""Matching subcategory and shade does not establish like-for-like pricing or substitutability; competitor pack size and product form are not verified."", ""Competitor rows are observations, not necessarily independent corroboration. Refresh sources before a commercial decision."", ""Only one competitor observation supports this comparison."", ""Competitor evidence is older than the 60-day review threshold.""]","[{""file"": ""sku_performance.csv"", ""record_id"": ""HC0200"", ""row_number"": 201}, {""file"": ""product_metadata.csv"", ""record_id"": ""HC0200"", ""row_number"": 201}, {""file"": ""competitor_market_signals.csv"", ""record_id"": ""CM048"", ""row_number"": 49}]","[{""brand"": ""dpHUE"", ""name"": ""dpHUE Permanent Pastel Pink"", ""observed_date"": ""2026-07-01"", ""price_eur"": 4.26, ""record_id"": ""CM048"", ""signal_score_0_100"": 98.1, ""signal_valid"": true, ""source"": ""google_trends"", ""trend_score_12w_pct"": 0.048}]",HC0200,Revlon Total Color Lavender Mist,Revlon,Semi-Permanent / Fashion Color,Pastel,Beauty Direct EU,False,aktiv,out_of_stock,Evergreen,60 ml,16.74,1834.91,107,0.478,-0.09,28570.33,-0.107,6.422431942508188,4.215972941094782,0.363,27,"[""HC0038"", ""HC0055"", ""HC0057"", ""HC0059"", ""HC0061"", ""HC0068"", ""HC0074"", ""HC0077"", ""HC0078"", ""HC0080"", ""HC0088"", ""HC0102"", ""HC0113"", ""HC0115"", ""HC0133"", ""HC0149"", ""HC0154"", ""HC0171"", ""HC0180"", ""HC0186"", ""HC0197"", ""HC0208"", ""HC0209"", ""HC0215"", ""HC0219"", ""HC0224"", ""HC0228""]",4.26,1,5.0
sku-HC0197,Validate price comparators for Wella Shinefinity Pastel Pink (HC0197),Review price benchmark,Validate first,Limited comparison,1 category/shade competitor observations; independent sources and pack/form comparability are not established.,Price €13.15 is 3.09x the €4.26 category/shade comparator median while channel trend is -34.3%. Like-for-like comparability is unverified.,"Refresh the observations and match product form, pack size and positioning before drawing a pricing conclusion. Do not automatically cut price.",Buyer / pricing analyst,Verified like-for-like comparators and an approved pricing hypothesis.,,Not estimated,12 weeks,No defensible monetary estimate from the supplied data.,"[""An investigation is recommended; financial impact is not established.""]",[],"[""One 12-week aggregate and current status/stock fields; the period end and stock duration are not supplied."", ""Market revenue is a demand proxy, not a verified addressable sales pool."", ""Matching subcategory and shade does not establish like-for-like pricing or substitutability; competitor pack size and product form are not verified."", ""Competitor rows are observations, not necessarily independent corroboration. Refresh sources before a commercial decision."", ""Only one competitor observation supports this comparison."", ""Competitor evidence is older than the 60-day review threshold.""]","[{""file"": ""sku_performance.csv"", ""record_id"": ""HC0197"", ""row_number"": 198}, {""file"": ""product_metadata.csv"", ""record_id"": ""HC0197"", ""row_number"": 198}, {""file"": ""competitor_market_signals.csv"", ""record_id"": ""CM048"", ""row_number"": 49}]","[{""brand"": ""dpHUE"", ""name"": ""dpHUE Permanent Pastel Pink"", ""observed_date"": ""2026-07-01"", ""price_eur"": 4.26, ""record_id"": ""CM048"", ""signal_score_0_100"": 98.1, ""signal_valid"": true, ""source"": ""google_trends"", ""trend_score_12w_pct"": 0.048}]",HC0197,Wella Shinefinity Pastel Pink,Wella,Semi-Permanent / Fashion Color,Pastel,Labo Natural,False,aktiv,in_stock,Evergreen,100 ml,13.15,1521.49,136,0.193,-0.343,27721.67,-0.454,5.488450010407021,4.122998156827724,0.3655,26,"[""HC0038"", ""HC0055"", ""HC0057"", ""HC0059"", ""HC0061"", ""HC0068"", ""HC0074"", ""HC0077"", ""HC0078"", ""HC0080"", ""HC0088"", ""HC0102"", ""HC0113"", ""HC0115"", ""HC0133"", ""HC0149"", ""HC0154"", ""HC0171"", ""HC0180"", ""HC0186"", ""HC0208"", ""HC0209"", ""HC0215"", ""HC0219"", ""HC0224"", ""HC0228""]",4.26,1,4.0
sku-HC0040,Validate price comparators for Kristin Ess Hair Gloss Dark Blonde (HC0040),Review price benchmark,Validate first,Limited comparison,4 category/shade competitor observations; independent sources and pack/form comparability are not established.,Price €32.32 is 1.58x the €20.46 category/shade comparator median while channel trend is -35.3%. Like-for-like comparability is unverified.,"Refresh the observations and match product form, pack size and positioning before drawing a pricing conclusion. Do not automatically cut price.",Buyer / pricing analyst,Verified like-for-like comparators and an approved pricing hypothesis.,,Not estimated,12 weeks,No defensible monetary estimate from the supplied data.,"[""An investigation is recommended; financial impact is not established.""]","[""Review delist / markdown""]","[""One 12-week aggregate and current status/stock fields; the period end and stock duration are not supplied."", ""Market revenue is a demand proxy, not a verified addressable sales pool."", ""Matching subcategory and shade does not establish like-for-like pricing or substitutability; competitor pack size and product form are not verified."", ""Competitor rows are observations, not necessarily independent corroboration. Refresh sources before a commercial decision."", ""Invalid popularity scores are excluded, not capped or silently corrected."", ""Competitor evidence is older than the 60-day review threshold.""]","[{""file"": ""sku_performance.csv"", ""record_id"": ""HC0040"", ""row_number"": 41}, {""file"": ""product_metadata.csv"", ""record_id"": ""HC0040"", ""row_number"": 41}, {""file"": ""competitor_market_signals.csv"", ""record_id"": ""CM009"", ""row_number"": 10}, {""file"": ""competitor_market_signals.csv"", ""record_id"": ""CM054"", ""row_number"": 55}, {""file"": ""competitor_market_signals.csv"", ""record_id"": ""CM056"", ""row_number"": 57}, {""file"": ""competitor_market_signals.csv"", ""record_id"": ""CM058"", ""row_number"": 59}]","[{""brand"": ""Crazy Color"", ""name"": ""Crazy Color Permanent Dark Blonde"", ""observed_date"": ""2026-07-01"", ""price_eur"": 29.23, ""record_id"": ""CM009"", ""signal_score_0_100"": 43.7, ""signal_valid"": true, ""source"": ""tiktok_shop_signal"", ""trend_score_12w_pct"": 0.628}, {""brand"": ""Manic Panic"", ""name"": ""Manic Panic Semi-Permanent Light Blonde"", ""observed_date"": ""2026-07-01"", ""price_eur"": 17.43, ""record_id"": ""CM054"", ""signal_score_0_100"": 67.6, ""signal_valid"": true, ""source"": ""amazon.de"", ""trend_score_12w_pct"": 0.387}, {""brand"": ""Revlon"", ""name"": ""Revlon Gloss Dark Blonde"", ""observed_date"": ""2026-07-01"", ""price_eur"": 16.14, ""record_id"": ""CM056"", ""signal_score_0_100"": 103.0, ""signal_valid"": false, ""source"": ""flaconi.de"", ""trend_score_12w_pct"": -0.309}, {""brand"": ""Wella"", ""name"": ""Wella Gloss Honey Blonde"", ""observed_date"": ""2026-07-01"", ""price_eur"": 23.49, ""record_id"": ""CM058"", ""signal_score_0_100"": 12.5, ""signal_valid"": true, ""source"": ""google_trends"", ""trend_score_12w_pct"": 0.236}]",HC0040,Kristin Ess Hair Gloss Dark Blonde,Kristin Ess,Permanent Color,Blonde,Labo Natural,False,aktiv,in_stock,Evergreen,150 ml,32.32,1234.08,42,0.235,-0.353,27207.41,-0.307,4.535823145238742,7.333870233961558,0.394,49,"[""HC0001"", ""HC0008"", ""HC0011"", ""HC0013"", ""HC0015"", ""HC0017"", ""HC0018"", ""HC0025"", ""HC0028"", ""HC0032"", ""HC0037"", ""HC0041"", ""HC0048"", ""HC0049"", ""HC0051"", ""HC0064"", ""HC0083"", ""HC0094"", ""HC0096"", ""HC0099"", ""HC0105"", ""HC0106"", ""HC0110"", ""HC0112"", ""HC0120"", ""HC0123"", ""HC0131"", ""HC0132"", ""HC0142"", ""HC0146"", ""HC0159"", ""HC0167"", ""HC0170"", ""HC0172"", ""HC0176"", ""HC0177"", ""HC0179"", ""HC0182"", ""HC0184"", ""HC0190"", ""HC0191"", ""HC0195"", ""HC0201"", ""HC0206"", ""HC0207"", ""HC0211"", ""HC0212"", ""HC0222"", ""HC0231""]",20.46,4,5.0
sku-HC0095,Validate price comparators for Garnier Olia Neon Green (HC0095),Review price benchmark,Validate first,Limited comparison,2 category/shade competitor observations; independent sources and pack/form comparability are not established.,Price €15.86 is 1.66x the €9.57 category/shade comparator median while channel trend is -37.6%. Like-for-like comparability is unverified.,"Also verify current availability before making a volume-dependent commercial change. Refresh the observations and match product form, pack size and positioning before drawing a pricing conclusion. Do not automatically cut price.",Buyer / pricing analyst,Verified like-for-like comparators and an approved pricing hypothesis.,,Not estimated,12 weeks,No defensible monetary estimate from the supplied data.,"[""An investigation is recommended; financial impact is not established.""]",[],"[""One 12-week aggregate and current status/stock fields; the period end and stock duration are not supplied."", ""Market revenue is a demand proxy, not a verified addressable sales pool."", ""Current stock is low stock. Verify supply before assuming the historical sales volume can continue."", ""Matching subcategory and shade does not establish like-for-like pricing or substitutability; competitor pack size and product form are not verified."", ""Competitor rows are observations, not necessarily independent corroboration. Refresh sources before a commercial decision."", ""Competitor evidence is older than the 60-day review threshold.""]","[{""file"": ""sku_performance.csv"", ""record_id"": ""HC0095"", ""row_number"": 96}, {""file"": ""product_metadata.csv"", ""record_id"": ""HC0095"", ""row_number"": 96}, {""file"": ""competitor_market_signals.csv"", ""record_id"": ""CM001"", ""row_number"": 2}, {""file"": ""competitor_market_signals.csv"", ""record_id"": ""CM034"", ""row_number"": 35}]","[{""brand"": ""Manic Panic"", ""name"": ""Manic Panic High Voltage Ultra Violet"", ""observed_date"": ""2026-07-01"", ""price_eur"": 11.99, ""record_id"": ""CM001"", ""signal_score_0_100"": 96.0, ""signal_valid"": true, ""source"": ""amazon.de"", ""trend_score_12w_pct"": 0.58}, {""brand"": ""Madison Reed"", ""name"": ""Madison Reed Root Ultra Violet"", ""observed_date"": ""2026-07-01"", ""price_eur"": 7.16, ""record_id"": ""CM034"", ""signal_score_0_100"": 7.1, ""signal_valid"": true, ""source"": ""flaconi.de"", ""trend_score_12w_pct"": 0.038}]",HC0095,Garnier Olia Neon Green,Garnier,Semi-Permanent / Fashion Color,Vivid,Henkel Beauty Care,False,aktiv,low_stock,Evergreen,200 ml,15.86,132.04,9,0.199,-0.376,18579.31,-0.223,0.7106830124477173,4.215972941094782,0.363,27,"[""HC0038"", ""HC0055"", ""HC0057"", ""HC0059"", ""HC0061"", ""HC0068"", ""HC0074"", ""HC0077"", ""HC0078"", ""HC0080"", ""HC0088"", ""HC0102"", ""HC0113"", ""HC0115"", ""HC0133"", ""HC0149"", ""HC0154"", ""HC0171"", ""HC0180"", ""HC0186"", ""HC0197"", ""HC0208"", ""HC0209"", ""HC0215"", ""HC0219"", ""HC0224"", ""HC0228""]",9.575,2,10.0
sku-HC0102,Validate price comparators for dpHUE Color Boosting Gloss Ultra Violet (HC0102),Review price benchmark,Validate first,Limited comparison,2 category/shade competitor observations; independent sources and pack/form comparability are not established.,Price €29.51 is 3.08x the €9.57 category/shade comparator median while channel trend is -19.1%. Like-for-like comparability is unverified.,"Refresh the observations and match product form, pack size and positioning before drawing a pricing conclusion. Do not automatically cut price.",Buyer / pricing analyst,Verified like-for-like comparators and an approved pricing hypothesis.,,Not estimated,12 weeks,No defensible monetary estimate from the supplied data.,"[""An investigation is recommended; financial impact is not established.""]","[""Review delist / markdown""]","[""One 12-week aggregate and current status/stock fields; the period end and stock duration are not supplied."", ""Market revenue is a demand proxy, not a verified addressable sales pool."", ""Matching subcategory and shade does not establish like-for-like pricing or substitutability; competitor pack size and product form are not verified."", ""Competitor rows are observations, not necessarily independent corroboration. Refresh sources before a commercial decision."", ""Competitor evidence is older than the 60-day review threshold.""]","[{""file"": ""sku_performance.csv"", ""record_id"": ""HC0102"", ""row_number"": 103}, {""file"": ""product_metadata.csv"", ""record_id"": ""HC0102"", ""row_number"": 103}, {""file"": ""competitor_market_signals.csv"", ""record_id"": ""CM001"", ""row_number"": 2}, {""file"": ""competitor_market_signals.csv"", ""record_id"": ""CM034"", ""row_number"": 35}]","[{""brand"": ""Manic Panic"", ""name"": ""Manic Panic High Voltage Ultra Violet"", ""observed_date"": ""2026-07-01"", ""price_eur"": 11.99, ""record_id"": ""CM001"", ""signal_score_0_100"": 96.0, ""signal_valid"": true, ""source"": ""amazon.de"", ""trend_score_12w_pct"": 0.58}, {""brand"": ""Madison Reed"", ""name"": ""Madison Reed Root Ultra Violet"", ""observed_date"": ""2026-07-01"", ""price_eur"": 7.16, ""record_id"": ""CM034"", ""signal_score_0_100"": 7.1, ""signal_valid"": true, ""source"": ""flaconi.de"", ""trend_score_12w_pct"": 0.038}]",HC0102,dpHUE Color Boosting Gloss Ultra Violet,dpHUE,Semi-Permanent / Fashion Color,Vivid,Labo Natural,False,aktiv,in_stock,Evergreen,1 kit,29.51,245.9,9,0.184,-0.191,18199.67,-0.187,1.3511233994902108,4.36976984691773,0.3655,26,"[""HC0038"", ""HC0055"", ""HC0057"", ""HC0059"", ""HC0061"", ""HC0068"", ""HC0074"", ""HC0077"", ""HC0078"", ""HC0080"", ""HC0088"", ""HC0113"", ""HC0115"", ""HC0133"", ""HC0149"", ""HC0154"", ""HC0171"", ""HC0180"", ""HC0186"", ""HC0197"", ""HC0208"", ""HC0209"", ""HC0215"", ""HC0219"", ""HC0224"", ""HC0228""]",9.575,2,4.0
sku-HC0052,Validate price comparators for Schwarzkopf Brilliance Soft Black (HC0052),Review price benchmark,Validate first,Limited comparison,2 category/shade competitor observations; independent sources and pack/form comparability are not established.,Price €14.78 is 1.63x the €9.05 category/shade comparator median while channel trend is -20.7%. Like-for-like comparability is unverified.,"Refresh the observations and match product form, pack size and positioning before drawing a pricing conclusion. Do not automatically cut price.",Buyer / pricing analyst,Verified like-for-like comparators and an approved pricing hypothesis.,,Not estimated,12 weeks,No defensible monetary estimate from the supplied data.,"[""An investigation is recommended; financial impact is not established.""]","[""Review delist / markdown""]","[""One 12-week aggregate and current status/stock fields; the period end and stock duration are not supplied."", ""Market revenue is a demand proxy, not a verified addressable sales pool."", ""Matching subcategory and shade does not establish like-for-like pricing or substitutability; competitor pack size and product form are not verified."", ""Competitor rows are observations, not necessarily independent corroboration. Refresh sources before a commercial decision."", ""Competitor evidence is older than the 60-day review threshold.""]","[{""file"": ""sku_performance.csv"", ""record_id"": ""HC0052"", ""row_number"": 53}, {""file"": ""product_metadata.csv"", ""record_id"": ""HC0052"", ""row_number"": 53}, {""file"": ""competitor_market_signals.csv"", ""record_id"": ""CM025"", ""row_number"": 26}, {""file"": ""competitor_market_signals.csv"", ""record_id"": ""CM075"", ""row_number"": 76}]","[{""brand"": ""Manic Panic"", ""name"": ""Manic Panic Gloss Natural Black"", ""observed_date"": ""2026-07-01"", ""price_eur"": 11.08, ""record_id"": ""CM025"", ""signal_score_0_100"": 93.5, ""signal_valid"": true, ""source"": ""tiktok_shop_signal"", ""trend_score_12w_pct"": -0.072}, {""brand"": ""Syoss"", ""name"": ""Syoss Color Blue Black"", ""observed_date"": ""2026-07-01"", ""price_eur"": 7.02, ""record_id"": ""CM075"", ""signal_score_0_100"": 88.8, ""signal_valid"": true, ""source"": ""flaconi.de"", ""trend_score_12w_pct"": 0.342}]",HC0052,Schwarzkopf Brilliance Soft Black,Schwarzkopf,Root Touch-Up,Black,SalonPro Distribution,False,aktiv,in_stock,Evergreen,100 ml,14.78,81.19,6,0.518,-0.207,18033.59,-0.175,0.45021540358852563,5.535199317993758,0.352,25,"[""HC0005"", ""HC0020"", ""HC0042"", ""HC0046"", ""HC0056"", ""HC0071"", ""HC0075"", ""HC0076"", ""HC0084"", ""HC0086"", ""HC0090"", ""HC0145"", ""HC0148"", ""HC0155"", ""HC0156"", ""HC0157"", ""HC0161"", ""HC0174"", ""HC0178"", ""HC0181"", ""HC0189"", ""HC0203"", ""HC0204"", ""HC0213"", ""HC0217""]",9.05,2,5.0
sku-HC0202,Validate price comparators for eSalon Camo Mist Dark Blonde (HC0202),Review price benchmark,Validate first,Limited comparison,1 category/shade competitor observations; independent sources and pack/form comparability are not established.,Price €23.80 is 3.22x the €7.40 category/shade comparator median while channel trend is -22.3%. Like-for-like comparability is unverified.,"Refresh the observations and match product form, pack size and positioning before drawing a pricing conclusion. Do not automatically cut price.",Buyer / pricing analyst,Verified like-for-like comparators and an approved pricing hypothesis.,,Not estimated,12 weeks,No defensible monetary estimate from the supplied data.,"[""An investigation is recommended; financial impact is not established.""]","[""Review delist / markdown""]","[""One 12-week aggregate and current status/stock fields; the period end and stock duration are not supplied."", ""Market revenue is a demand proxy, not a verified addressable sales pool."", ""Matching subcategory and shade does not establish like-for-like pricing or substitutability; competitor pack size and product form are not verified."", ""Competitor rows are observations, not necessarily independent corroboration. Refresh sources before a commercial decision."", ""Only one competitor observation supports this comparison."", ""Competitor evidence is older than the 60-day review threshold.""]","[{""file"": ""sku_performance.csv"", ""record_id"": ""HC0202"", ""row_number"": 203}, {""file"": ""product_metadata.csv"", ""record_id"": ""HC0202"", ""row_number"": 203}, {""file"": ""competitor_market_signals.csv"", ""record_id"": ""CM066"", ""row_number"": 67}]","[{""brand"": ""Manic Panic"", ""name"": ""Manic Panic Care Dark Blonde"", ""observed_date"": ""2026-07-01"", ""price_eur"": 7.4, ""record_id"": ""CM066"", ""signal_score_0_100"": 24.2, ""signal_valid"": true, ""source"": ""amazon.de"", ""trend_score_12w_pct"": 0.163}]",HC0202,eSalon Camo Mist Dark Blonde,eSalon,Toner / Gloss,Blonde,Beauty Direct EU,False,aktiv,in_stock,Evergreen,1 kit,23.8,13.98,0,0.528,-0.223,16541.72,-0.168,0.08451358141716822,5.1430535919575835,0.412,11,"[""HC0045"", ""HC0050"", ""HC0066"", ""HC0097"", ""HC0121"", ""HC0153"", ""HC0158"", ""HC0163"", ""HC0185"", ""HC0226"", ""HC0233""]",7.4,1,5.0
sku-HC0049,Validate price comparators for Directions Colour Kit Chocolate Brown (HC0049),Review price benchmark,Validate first,Limited comparison,1 category/shade competitor observations; independent sources and pack/form comparability are not established.,Price €12.81 is 1.79x the €7.17 category/shade comparator median while channel trend is -44.4%. Like-for-like comparability is unverified.,"Refresh the observations and match product form, pack size and positioning before drawing a pricing conclusion. Do not automatically cut price.",Buyer / pricing analyst,Verified like-for-like comparators and an approved pricing hypothesis.,,Not estimated,12 weeks,No defensible monetary estimate from the supplied data.,"[""An investigation is recommended; financial impact is not established.""]","[""Review delist / markdown""]","[""One 12-week aggregate and current status/stock fields; the period end and stock duration are not supplied."", ""Market revenue is a demand proxy, not a verified addressable sales pool."", ""Matching subcategory and shade does not establish like-for-like pricing or substitutability; competitor pack size and product form are not verified."", ""Competitor rows are observations, not necessarily independent corroboration. Refresh sources before a commercial decision."", ""Only one competitor observation supports this comparison."", ""Competitor evidence is older than the 60-day review threshold.""]","[{""file"": ""sku_performance.csv"", ""record_id"": ""HC0049"", ""row_number"": 50}, {""file"": ""product_metadata.csv"", ""record_id"": ""HC0049"", ""row_number"": 50}, {""file"": ""competitor_market_signals.csv"", ""record_id"": ""CM029"", ""row_number"": 30}]","[{""brand"": ""Crazy Color"", ""name"": ""Crazy Color Gloss Mocha Brown"", ""observed_date"": ""2026-07-01"", ""price_eur"": 7.17, ""record_id"": ""CM029"", ""signal_score_0_100"": 15.1, ""signal_valid"": true, ""source"": ""tiktok_shop_signal"", ""trend_score_12w_pct"": 0.234}]",HC0049,Directions Colour Kit Chocolate Brown,Directions,Permanent Color,Dark Brown,SalonPro Distribution,False,aktiv,in_stock,Evergreen,60 ml,12.81,232.27,19,0.316,-0.444,6113.87,-0.311,3.79906671224609,7.333870233961558,0.394,49,"[""HC0001"", ""HC0008"", ""HC0011"", ""HC0013"", ""HC0015"", ""HC0017"", ""HC0018"", ""HC0025"", ""HC0028"", ""HC0032"", ""HC0037"", ""HC0040"", ""HC0041"", ""HC0048"", ""HC0051"", ""HC0064"", ""HC0083"", ""HC0094"", ""HC0096"", ""HC0099"", ""HC0105"", ""HC0106"", ""HC0110"", ""HC0112"", ""HC0120"", ""HC0123"", ""HC0131"", ""HC0132"", ""HC0142"", ""HC0146"", ""HC0159"", ""HC0167"", ""HC0170"", ""HC0172"", ""HC0176"", ""HC0177"", ""HC0179"", ""HC0182"", ""HC0184"", ""HC0190"", ""HC0191"", ""HC0195"", ""HC0201"", ""HC0206"", ""HC0207"", ""HC0211"", ""HC0212"", ""HC0222"", ""HC0231""]",7.17,1,5.0
sku-HC0153,Review the selling season for Crazy Color Semi Permanent Icy Plum (HC0153),Review seasonal range,Validate first,Needs context,"Source fields support a review; a single snapshot does not establish the cause, commercial feasibility or probability of success.","Channel revenue €708.09 is below the €1,395.96 threshold; channel trend -33.1%, market trend -33.2%. Review product role before changing the range.","Confirm the performance-window dates and seasonal selling plan before deciding whether to retain, reposition or clear the product.",Category manager,A documented seasonal range decision rather than an automatic exit.,,Not estimated,12 weeks,No defensible monetary estimate from the supplied data.,"[""An investigation is recommended; financial impact is not established.""]",[],"[""One 12-week aggregate and current status/stock fields; the period end and stock duration are not supplied."", ""Market revenue is a demand proxy, not a verified addressable sales pool."", ""Winter item: verify the selling calendar before promotion, reactivation or clearance; the performance-window end is unknown.""]","[{""file"": ""sku_performance.csv"", ""record_id"": ""HC0153"", ""row_number"": 154}, {""file"": ""product_metadata.csv"", ""record_id"": ""HC0153"", ""row_number"": 154}, {""file"": ""competitor_market_signals.csv"", ""record_id"": ""CM041"", ""row_number"": 42}]","[{""brand"": ""Goldwell"", ""name"": ""Goldwell Root Frosted Chestnut"", ""observed_date"": ""2026-07-01"", ""price_eur"": 16.43, ""record_id"": ""CM041"", ""signal_score_0_100"": 18.0, ""signal_valid"": true, ""source"": ""rossmann.de"", ""trend_score_12w_pct"": 0.337}]",HC0153,Crazy Color Semi Permanent Icy Plum,Crazy Color,Toner / Gloss,Winter,Indie Color Imports,False,aktiv,in_stock,Winter,60 ml,7.98,708.09,89,0.359,-0.331,25781.95,-0.332,2.7464563386400176,5.426116033403473,0.436,10,"[""HC0045"", ""HC0050"", ""HC0066"", ""HC0097"", ""HC0121"", ""HC0158"", ""HC0163"", ""HC0185"", ""HC0226"", ""HC0233""]",16.43,1,5.0
sku-HC0082,Review the selling season for Goldwell Topchic Coral Rose (HC0082),Review seasonal range,Validate first,Needs context,"Source fields support a review; a single snapshot does not establish the cause, commercial feasibility or probability of success.","Channel revenue €783.37 is below the €1,395.96 threshold; channel trend -43.9%, market trend -38.4%. Review product role before changing the range.","Confirm the performance-window dates and seasonal selling plan before deciding whether to retain, reposition or clear the product.",Category manager,A documented seasonal range decision rather than an automatic exit.,,Not estimated,12 weeks,No defensible monetary estimate from the supplied data.,"[""An investigation is recommended; financial impact is not established.""]",[],"[""One 12-week aggregate and current status/stock fields; the period end and stock duration are not supplied."", ""Market revenue is a demand proxy, not a verified addressable sales pool."", ""Summer item: verify the selling calendar before promotion, reactivation or clearance; the performance-window end is unknown.""]","[{""file"": ""sku_performance.csv"", ""record_id"": ""HC0082"", ""row_number"": 83}, {""file"": ""product_metadata.csv"", ""record_id"": ""HC0082"", ""row_number"": 83}]",[],HC0082,Goldwell Topchic Coral Rose,Goldwell,Bleach / Lightener,Summer,Indie Color Imports,False,aktiv,in_stock,Summer,100 ml,13.58,783.37,68,0.469,-0.439,22546.74,-0.384,3.4744269016274636,4.160049658745191,0.463,7,"[""HC0031"", ""HC0058"", ""HC0129"", ""HC0136"", ""HC0160"", ""HC0162"", ""HC0175""]",,0,6.0
sku-HC0038,Review the selling season for ZenBeauty Private Label Color Studio Coral Rose (HC0038),Review seasonal range,Validate first,Needs context,"Source fields support a review; a single snapshot does not establish the cause, commercial feasibility or probability of success.","Channel revenue €81.09 is below the €1,395.96 threshold; channel trend -27.5%, market trend -23.6%. Review product role before changing the range.","Confirm the performance-window dates and seasonal selling plan before deciding whether to retain, reposition or clear the product.",Category manager,A documented seasonal range decision rather than an automatic exit.,,Not estimated,12 weeks,No defensible monetary estimate from the supplied data.,"[""An investigation is recommended; financial impact is not established.""]",[],"[""One 12-week aggregate and current status/stock fields; the period end and stock duration are not supplied."", ""Market revenue is a demand proxy, not a verified addressable sales pool."", ""Summer item: verify the selling calendar before promotion, reactivation or clearance; the performance-window end is unknown.""]","[{""file"": ""sku_performance.csv"", ""record_id"": ""HC0038"", ""row_number"": 39}, {""file"": ""product_metadata.csv"", ""record_id"": ""HC0038"", ""row_number"": 39}, {""file"": ""competitor_market_signals.csv"", ""record_id"": ""CM023"", ""row_number"": 24}]","[{""brand"": ""Wella"", ""name"": ""Wella Permanent Beach Blonde"", ""observed_date"": ""2026-07-01"", ""price_eur"": 25.41, ""record_id"": ""CM023"", ""signal_score_0_100"": 27.8, ""signal_valid"": true, ""source"": ""google_trends"", ""trend_score_12w_pct"": 0.251}]",HC0038,ZenBeauty Private Label Color Studio Coral Rose,ZenBeauty Private Label,Semi-Permanent / Fashion Color,Summer,Own Brand Sourcing GmbH,True,aktiv,in_stock,Summer,200 ml,4.49,81.09,16,0.467,-0.275,9685.34,-0.236,0.8372447430859422,4.36976984691773,0.3575,26,"[""HC0055"", ""HC0057"", ""HC0059"", ""HC0061"", ""HC0068"", ""HC0074"", ""HC0077"", ""HC0078"", ""HC0080"", ""HC0088"", ""HC0102"", ""HC0113"", ""HC0115"", ""HC0133"", ""HC0149"", ""HC0154"", ""HC0171"", ""HC0180"", ""HC0186"", ""HC0197"", ""HC0208"", ""HC0209"", ""HC0215"", ""HC0219"", ""HC0224"", ""HC0228""]",25.41,1,8.0
sku-HC0086,Review the range role of ZenBeauty Private Label Nature Color Neon Green (HC0086),Review delist / markdown,Validate first,Needs context,"Source fields support a review; a single snapshot does not establish the cause, commercial feasibility or probability of success.","Channel revenue €244.68 is below the €1,395.96 threshold; channel trend -22.0%, market trend -23.4%. Review product role before changing the range.","Check product role, distribution and residual stock. Consider exit only after validation; consider markdown only if stock and clearance economics justify it.",Category manager,Category gross profit and customer coverage after any approved range change.,,Not estimated,12 weeks,No defensible monetary estimate from the supplied data.,"[""An investigation is recommended; financial impact is not established.""]",[],"[""One 12-week aggregate and current status/stock fields; the period end and stock duration are not supplied."", ""Market revenue is a demand proxy, not a verified addressable sales pool.""]","[{""file"": ""sku_performance.csv"", ""record_id"": ""HC0086"", ""row_number"": 87}, {""file"": ""product_metadata.csv"", ""record_id"": ""HC0086"", ""row_number"": 87}]",[],HC0086,ZenBeauty Private Label Nature Color Neon Green,ZenBeauty Private Label,Root Touch-Up,Vivid,Own Brand Sourcing GmbH,True,aktiv,in_stock,Evergreen,200 ml,4.58,244.68,54,0.519,-0.22,24312.93,-0.234,1.0063780877088857,5.535199317993758,0.352,25,"[""HC0005"", ""HC0020"", ""HC0042"", ""HC0046"", ""HC0052"", ""HC0056"", ""HC0071"", ""HC0075"", ""HC0076"", ""HC0084"", ""HC0090"", ""HC0145"", ""HC0148"", ""HC0155"", ""HC0156"", ""HC0157"", ""HC0161"", ""HC0174"", ""HC0178"", ""HC0181"", ""HC0189"", ""HC0203"", ""HC0204"", ""HC0213"", ""HC0217""]",,0,8.0
sku-HC0093,Review the range role of Wella Color Fresh Pearl Blonde (HC0093),Review delist / markdown,Validate first,Needs context,"Source fields support a review; a single snapshot does not establish the cause, commercial feasibility or probability of success.","Channel revenue €159.43 is below the €1,395.96 threshold; channel trend -43.3%, market trend -35.3%. Review product role before changing the range.","Check product role, distribution and residual stock. Consider exit only after validation; consider markdown only if stock and clearance economics justify it.",Category manager,Category gross profit and customer coverage after any approved range change.,,Not estimated,12 weeks,No defensible monetary estimate from the supplied data.,"[""An investigation is recommended; financial impact is not established.""]",[],"[""One 12-week aggregate and current status/stock fields; the period end and stock duration are not supplied."", ""Market revenue is a demand proxy, not a verified addressable sales pool.""]","[{""file"": ""sku_performance.csv"", ""record_id"": ""HC0093"", ""row_number"": 94}, {""file"": ""product_metadata.csv"", ""record_id"": ""HC0093"", ""row_number"": 94}]",[],HC0093,Wella Color Fresh Pearl Blonde,Wella,Color Care Add-on,Ash Blonde,Coty DACH,False,aktiv,in_stock,Evergreen,200 ml,13.1,159.43,10,0.345,-0.433,16815.86,-0.353,0.9480930502513699,3.0819659624187086,0.4535,4,"[""HC0107"", ""HC0128"", ""HC0138"", ""HC0192""]",,0,12.0
sku-HC0224,Review the range role of Schwarzkopf Live Mahogany Auburn (HC0224),Review delist / markdown,Validate first,Needs context,"Source fields support a review; a single snapshot does not establish the cause, commercial feasibility or probability of success.","Channel revenue €37.33 is below the €1,395.96 threshold; channel trend -13.2%, market trend -26.1%. Review product role before changing the range.","Check product role, distribution and residual stock. Consider exit only after validation; consider markdown only if stock and clearance economics justify it.",Category manager,Category gross profit and customer coverage after any approved range change.,,Not estimated,12 weeks,No defensible monetary estimate from the supplied data.,"[""An investigation is recommended; financial impact is not established.""]",[],"[""One 12-week aggregate and current status/stock fields; the period end and stock duration are not supplied."", ""Market revenue is a demand proxy, not a verified addressable sales pool.""]","[{""file"": ""sku_performance.csv"", ""record_id"": ""HC0224"", ""row_number"": 225}, {""file"": ""product_metadata.csv"", ""record_id"": ""HC0224"", ""row_number"": 225}, {""file"": ""competitor_market_signals.csv"", ""record_id"": ""CM005"", ""row_number"": 6}, {""file"": ""competitor_market_signals.csv"", ""record_id"": ""CM008"", ""row_number"": 9}]","[{""brand"": ""Madison Reed"", ""name"": ""Madison Reed Semi-Permanent Mahogany Auburn"", ""observed_date"": ""2026-07-01"", ""price_eur"": 18.09, ""record_id"": ""CM005"", ""signal_score_0_100"": 28.6, ""signal_valid"": true, ""source"": ""douglas.de"", ""trend_score_12w_pct"": -0.332}, {""brand"": ""Syoss"", ""name"": ""Syoss Care Warm Auburn"", ""observed_date"": ""2026-07-01"", ""price_eur"": 21.81, ""record_id"": ""CM008"", ""signal_score_0_100"": 43.1, ""signal_valid"": true, ""source"": ""douglas.de"", ""trend_score_12w_pct"": 0.504}]",HC0224,Schwarzkopf Live Mahogany Auburn,Schwarzkopf,Semi-Permanent / Fashion Color,Auburn,Henkel Beauty Care,False,aktiv,in_stock,Evergreen,60 ml,8.5,37.33,4,0.32,-0.132,12731.78,-0.261,0.293203307000278,4.36976984691773,0.3655,26,"[""HC0038"", ""HC0055"", ""HC0057"", ""HC0059"", ""HC0061"", ""HC0068"", ""HC0074"", ""HC0077"", ""HC0078"", ""HC0080"", ""HC0088"", ""HC0102"", ""HC0113"", ""HC0115"", ""HC0133"", ""HC0149"", ""HC0154"", ""HC0171"", ""HC0180"", ""HC0186"", ""HC0197"", ""HC0208"", ""HC0209"", ""HC0215"", ""HC0219"", ""HC0228""]",19.95,2,6.0
sku-HC0148,Review the range role of Arctic Fox Bleach Please Dark Blonde (HC0148),Review delist / markdown,Validate first,Needs context,"Source fields support a review; a single snapshot does not establish the cause, commercial feasibility or probability of success.","Channel revenue €130.08 is below the €1,395.96 threshold; channel trend -16.7%, market trend -6.4%. Review product role before changing the range.","Check product role, distribution and residual stock. Consider exit only after validation; consider markdown only if stock and clearance economics justify it.",Category manager,Category gross profit and customer coverage after any approved range change.,,Not estimated,12 weeks,No defensible monetary estimate from the supplied data.,"[""An investigation is recommended; financial impact is not established.""]",[],"[""One 12-week aggregate and current status/stock fields; the period end and stock duration are not supplied."", ""Market revenue is a demand proxy, not a verified addressable sales pool.""]","[{""file"": ""sku_performance.csv"", ""record_id"": ""HC0148"", ""row_number"": 149}, {""file"": ""product_metadata.csv"", ""record_id"": ""HC0148"", ""row_number"": 149}]",[],HC0148,Arctic Fox Bleach Please Dark Blonde,Arctic Fox,Root Touch-Up,Blonde,SalonPro Distribution,False,aktiv,in_stock,Evergreen,200 ml,14.43,130.08,10,0.427,-0.167,10875.01,-0.064,1.1961368311385463,5.535199317993758,0.352,25,"[""HC0005"", ""HC0020"", ""HC0042"", ""HC0046"", ""HC0052"", ""HC0056"", ""HC0071"", ""HC0075"", ""HC0076"", ""HC0084"", ""HC0086"", ""HC0090"", ""HC0145"", ""HC0155"", ""HC0156"", ""HC0157"", ""HC0161"", ""HC0174"", ""HC0178"", ""HC0181"", ""HC0189"", ""HC0203"", ""HC0204"", ""HC0213"", ""HC0217""]",,0,6.0
sku-HC0160,Review the range role of Herbatint Royal Cream Lavender Mist (HC0160),Review delist / markdown,Validate first,Needs context,"Source fields support a review; a single snapshot does not establish the cause, commercial feasibility or probability of success.","Channel revenue €340.15 is below the €1,395.96 threshold; channel trend -40.9%, market trend -48.9%. Review product role before changing the range.","Check product role, distribution and residual stock. Consider exit only after validation; consider markdown only if stock and clearance economics justify it.",Category manager,Category gross profit and customer coverage after any approved range change.,,Not estimated,12 weeks,No defensible monetary estimate from the supplied data.,"[""An investigation is recommended; financial impact is not established.""]",[],"[""One 12-week aggregate and current status/stock fields; the period end and stock duration are not supplied."", ""Market revenue is a demand proxy, not a verified addressable sales pool.""]","[{""file"": ""sku_performance.csv"", ""record_id"": ""HC0160"", ""row_number"": 161}, {""file"": ""product_metadata.csv"", ""record_id"": ""HC0160"", ""row_number"": 161}]",[],HC0160,Herbatint Royal Cream Lavender Mist,Herbatint,Bleach / Lightener,Pastel,P&G Beauty,False,aktiv,in_stock,Evergreen,150 ml,15.2,340.15,26,0.228,-0.409,9731.15,-0.489,3.495475868730828,4.160049658745191,0.469,7,"[""HC0031"", ""HC0058"", ""HC0082"", ""HC0129"", ""HC0136"", ""HC0162"", ""HC0175""]",,0,6.0
sku-HC0045,Review the range role of Wella Blondor Silver Grey (HC0045),Review delist / markdown,Validate first,Needs context,"Source fields support a review; a single snapshot does not establish the cause, commercial feasibility or probability of success.","Channel revenue €62.66 is below the €1,395.96 threshold; channel trend -12.6%, market trend -24.3%. Review product role before changing the range.","Check product role, distribution and residual stock. Consider exit only after validation; consider markdown only if stock and clearance economics justify it.",Category manager,Category gross profit and customer coverage after any approved range change.,,Not estimated,12 weeks,No defensible monetary estimate from the supplied data.,"[""An investigation is recommended; financial impact is not established.""]",[],"[""One 12-week aggregate and current status/stock fields; the period end and stock duration are not supplied."", ""Market revenue is a demand proxy, not a verified addressable sales pool.""]","[{""file"": ""sku_performance.csv"", ""record_id"": ""HC0045"", ""row_number"": 46}, {""file"": ""product_metadata.csv"", ""record_id"": ""HC0045"", ""row_number"": 46}]",[],HC0045,Wella Blondor Silver Grey,Wella,Toner / Gloss,Silver/Grey,Labo Natural,False,aktiv,in_stock,Evergreen,2 x 1 kit,13.06,62.66,4,0.275,-0.126,1810.76,-0.243,3.4604254567143076,5.426116033403473,0.436,10,"[""HC0050"", ""HC0066"", ""HC0097"", ""HC0121"", ""HC0153"", ""HC0158"", ""HC0163"", ""HC0185"", ""HC0226"", ""HC0233""]",,0,8.0
sku-HC0062,Review the range role of Madison Reed Radiant Hair Color Dark Blonde (HC0062),Review delist / markdown,Validate first,Needs context,"Source fields support a review; a single snapshot does not establish the cause, commercial feasibility or probability of success.","Channel revenue €0.00 is below the €1,395.96 threshold; channel trend -9.3%, market trend -24.9%. Review product role before changing the range.","Check product role, distribution and residual stock. Consider exit only after validation; consider markdown only if stock and clearance economics justify it.",Category manager,Category gross profit and customer coverage after any approved range change.,,Not estimated,12 weeks,No defensible monetary estimate from the supplied data.,"[""An investigation is recommended; financial impact is not established.""]",[],"[""One 12-week aggregate and current status/stock fields; the period end and stock duration are not supplied."", ""Market revenue is a demand proxy, not a verified addressable sales pool.""]","[{""file"": ""sku_performance.csv"", ""record_id"": ""HC0062"", ""row_number"": 63}, {""file"": ""product_metadata.csv"", ""record_id"": ""HC0062"", ""row_number"": 63}]",[],HC0062,Madison Reed Radiant Hair Color Dark Blonde,Madison Reed,Root Touch-Up,Blonde,Coty DACH,False,aktiv,in_stock,Evergreen,200 ml,27.37,0.0,0,0.479,-0.093,1061.98,-0.249,0.0,5.440241102241644,0.361,26,"[""HC0005"", ""HC0020"", ""HC0042"", ""HC0046"", ""HC0052"", ""HC0056"", ""HC0071"", ""HC0075"", ""HC0076"", ""HC0084"", ""HC0086"", ""HC0090"", ""HC0145"", ""HC0148"", ""HC0155"", ""HC0156"", ""HC0157"", ""HC0161"", ""HC0174"", ""HC0178"", ""HC0181"", ""HC0189"", ""HC0203"", ""HC0204"", ""HC0213"", ""HC0217""]",,0,5.0
sku-HC0063,Confirm the inactive range decision for Clairol Natural Instincts Honey Blonde (HC0063),Confirm exit,Validate first,Needs context,"Source fields support a review; a single snapshot does not establish the cause, commercial feasibility or probability of success.","Inactive assortment status; channel revenue €19,509.44, market trend -25.2%. Status is not evidence of residual stock or a failed product.","Confirm why the product is inactive, its seasonal role and any remaining physical stock or shelf allocation. Inactive status alone does not justify markdown.",Category manager,Documented exit or retain decision; any clearance based on verified residual units.,,Not estimated,12 weeks,No defensible monetary estimate from the supplied data.,"[""An investigation is recommended; financial impact is not established.""]",[],"[""One 12-week aggregate and current status/stock fields; the period end and stock duration are not supplied."", ""Market revenue is a demand proxy, not a verified addressable sales pool.""]","[{""file"": ""sku_performance.csv"", ""record_id"": ""HC0063"", ""row_number"": 64}, {""file"": ""product_metadata.csv"", ""record_id"": ""HC0063"", ""row_number"": 64}, {""file"": ""competitor_market_signals.csv"", ""record_id"": ""CM009"", ""row_number"": 10}, {""file"": ""competitor_market_signals.csv"", ""record_id"": ""CM054"", ""row_number"": 55}, {""file"": ""competitor_market_signals.csv"", ""record_id"": ""CM056"", ""row_number"": 57}, {""file"": ""competitor_market_signals.csv"", ""record_id"": ""CM058"", ""row_number"": 59}]","[{""brand"": ""Crazy Color"", ""name"": ""Crazy Color Permanent Dark Blonde"", ""observed_date"": ""2026-07-01"", ""price_eur"": 29.23, ""record_id"": ""CM009"", ""signal_score_0_100"": 43.7, ""signal_valid"": true, ""source"": ""tiktok_shop_signal"", ""trend_score_12w_pct"": 0.628}, {""brand"": ""Manic Panic"", ""name"": ""Manic Panic Semi-Permanent Light Blonde"", ""observed_date"": ""2026-07-01"", ""price_eur"": 17.43, ""record_id"": ""CM054"", ""signal_score_0_100"": 67.6, ""signal_valid"": true, ""source"": ""amazon.de"", ""trend_score_12w_pct"": 0.387}, {""brand"": ""Revlon"", ""name"": ""Revlon Gloss Dark Blonde"", ""observed_date"": ""2026-07-01"", ""price_eur"": 16.14, ""record_id"": ""CM056"", ""signal_score_0_100"": 103.0, ""signal_valid"": false, ""source"": ""flaconi.de"", ""trend_score_12w_pct"": -0.309}, {""brand"": ""Wella"", ""name"": ""Wella Gloss Honey Blonde"", ""observed_date"": ""2026-07-01"", ""price_eur"": 23.49, ""record_id"": ""CM058"", ""signal_score_0_100"": 12.5, ""signal_valid"": true, ""source"": ""google_trends"", ""trend_score_12w_pct"": 0.236}]",HC0063,Clairol Natural Instincts Honey Blonde,Clairol,Permanent Color,Blonde,Henkel Beauty Care,False,inaktiv,in_stock,Evergreen,200 ml,11.23,19509.44,1655,0.26,-0.408,394527.02,-0.252,4.9450199887450035,7.216658873886855,0.391,50,"[""HC0001"", ""HC0008"", ""HC0011"", ""HC0013"", ""HC0015"", ""HC0017"", ""HC0018"", ""HC0025"", ""HC0028"", ""HC0032"", ""HC0037"", ""HC0040"", ""HC0041"", ""HC0048"", ""HC0049"", ""HC0051"", ""HC0064"", ""HC0083"", ""HC0094"", ""HC0096"", ""HC0099"", ""HC0105"", ""HC0106"", ""HC0110"", ""HC0112"", ""HC0120"", ""HC0123"", ""HC0131"", ""HC0132"", ""HC0142"", ""HC0146"", ""HC0159"", ""HC0167"", ""HC0170"", ""HC0172"", ""HC0176"", ""HC0177"", ""HC0179"", ""HC0182"", ""HC0184"", ""HC0190"", ""HC0191"", ""HC0195"", ""HC0201"", ""HC0206"", ""HC0207"", ""HC0211"", ""HC0212"", ""HC0222"", ""HC0231""]",20.46,4,4.0
sku-HC0012,Confirm the inactive range decision for Bleach London Total Bleach Hazelnut Brown (HC0012),Confirm exit,Validate first,Needs context,"Source fields support a review; a single snapshot does not establish the cause, commercial feasibility or probability of success.","Inactive assortment status; channel revenue €7,388.24, market trend -21.0%. Status is not evidence of residual stock or a failed product.","Confirm why the product is inactive, its seasonal role and any remaining physical stock or shelf allocation. Inactive status alone does not justify markdown.",Category manager,Documented exit or retain decision; any clearance based on verified residual units.,,Not estimated,12 weeks,No defensible monetary estimate from the supplied data.,"[""An investigation is recommended; financial impact is not established.""]",[],"[""One 12-week aggregate and current status/stock fields; the period end and stock duration are not supplied."", ""Market revenue is a demand proxy, not a verified addressable sales pool.""]","[{""file"": ""sku_performance.csv"", ""record_id"": ""HC0012"", ""row_number"": 13}, {""file"": ""product_metadata.csv"", ""record_id"": ""HC0012"", ""row_number"": 13}, {""file"": ""competitor_market_signals.csv"", ""record_id"": ""CM022"", ""row_number"": 23}, {""file"": ""competitor_market_signals.csv"", ""record_id"": ""CM024"", ""row_number"": 25}]","[{""brand"": ""Arctic Fox"", ""name"": ""Arctic Fox Care Caramel Brown"", ""observed_date"": ""2026-07-01"", ""price_eur"": 23.89, ""record_id"": ""CM022"", ""signal_score_0_100"": 14.4, ""signal_valid"": true, ""source"": ""amazon.de"", ""trend_score_12w_pct"": 0.51}, {""brand"": ""Kristin Ess"", ""name"": ""Kristin Ess Gloss Hazelnut Brown"", ""observed_date"": ""2026-07-01"", ""price_eur"": 10.38, ""record_id"": ""CM024"", ""signal_score_0_100"": 13.0, ""signal_valid"": true, ""source"": ""flaconi.de"", ""trend_score_12w_pct"": 0.21}]",HC0012,Bleach London Total Bleach Hazelnut Brown,Bleach London,Permanent Color,Medium Brown,Coty DACH,False,inaktiv,in_stock,Evergreen,60 ml,8.62,7388.24,928,0.553,-0.346,160912.14,-0.21,4.591474577368743,7.216658873886855,0.391,50,"[""HC0001"", ""HC0008"", ""HC0011"", ""HC0013"", ""HC0015"", ""HC0017"", ""HC0018"", ""HC0025"", ""HC0028"", ""HC0032"", ""HC0037"", ""HC0040"", ""HC0041"", ""HC0048"", ""HC0049"", ""HC0051"", ""HC0064"", ""HC0083"", ""HC0094"", ""HC0096"", ""HC0099"", ""HC0105"", ""HC0106"", ""HC0110"", ""HC0112"", ""HC0120"", ""HC0123"", ""HC0131"", ""HC0132"", ""HC0142"", ""HC0146"", ""HC0159"", ""HC0167"", ""HC0170"", ""HC0172"", ""HC0176"", ""HC0177"", ""HC0179"", ""HC0182"", ""HC0184"", ""HC0190"", ""HC0191"", ""HC0195"", ""HC0201"", ""HC0206"", ""HC0207"", ""HC0211"", ""HC0212"", ""HC0222"", ""HC0231""]",17.135,2,6.0
sku-HC0014,Confirm the inactive range decision for Manic Panic High Voltage Chestnut Brown (HC0014),Confirm exit,Validate first,Needs context,"Source fields support a review; a single snapshot does not establish the cause, commercial feasibility or probability of success.","Inactive assortment status; channel revenue €5,542.42, market trend -30.5%. Status is not evidence of residual stock or a failed product.","Confirm why the product is inactive, its seasonal role and any remaining physical stock or shelf allocation. Inactive status alone does not justify markdown.",Category manager,Documented exit or retain decision; any clearance based on verified residual units.,,Not estimated,12 weeks,No defensible monetary estimate from the supplied data.,"[""An investigation is recommended; financial impact is not established.""]",[],"[""One 12-week aggregate and current status/stock fields; the period end and stock duration are not supplied."", ""Market revenue is a demand proxy, not a verified addressable sales pool.""]","[{""file"": ""sku_performance.csv"", ""record_id"": ""HC0014"", ""row_number"": 15}, {""file"": ""product_metadata.csv"", ""record_id"": ""HC0014"", ""row_number"": 15}, {""file"": ""competitor_market_signals.csv"", ""record_id"": ""CM022"", ""row_number"": 23}, {""file"": ""competitor_market_signals.csv"", ""record_id"": ""CM024"", ""row_number"": 25}]","[{""brand"": ""Arctic Fox"", ""name"": ""Arctic Fox Care Caramel Brown"", ""observed_date"": ""2026-07-01"", ""price_eur"": 23.89, ""record_id"": ""CM022"", ""signal_score_0_100"": 14.4, ""signal_valid"": true, ""source"": ""amazon.de"", ""trend_score_12w_pct"": 0.51}, {""brand"": ""Kristin Ess"", ""name"": ""Kristin Ess Gloss Hazelnut Brown"", ""observed_date"": ""2026-07-01"", ""price_eur"": 10.38, ""record_id"": ""CM024"", ""signal_score_0_100"": 13.0, ""signal_valid"": true, ""source"": ""flaconi.de"", ""trend_score_12w_pct"": 0.21}]",HC0014,Manic Panic High Voltage Chestnut Brown,Manic Panic,Permanent Color,Medium Brown,Indie Color Imports,False,inaktiv,in_stock,Evergreen,2 x 1 kit,14.16,5542.42,365,0.5,-0.273,125166.7,-0.305,4.428030778154254,7.216658873886855,0.391,50,"[""HC0001"", ""HC0008"", ""HC0011"", ""HC0013"", ""HC0015"", ""HC0017"", ""HC0018"", ""HC0025"", ""HC0028"", ""HC0032"", ""HC0037"", ""HC0040"", ""HC0041"", ""HC0048"", ""HC0049"", ""HC0051"", ""HC0064"", ""HC0083"", ""HC0094"", ""HC0096"", ""HC0099"", ""HC0105"", ""HC0106"", ""HC0110"", ""HC0112"", ""HC0120"", ""HC0123"", ""HC0131"", ""HC0132"", ""HC0142"", ""HC0146"", ""HC0159"", ""HC0167"", ""HC0170"", ""HC0172"", ""HC0176"", ""HC0177"", ""HC0179"", ""HC0182"", ""HC0184"", ""HC0190"", ""HC0191"", ""HC0195"", ""HC0201"", ""HC0206"", ""HC0207"", ""HC0211"", ""HC0212"", ""HC0222"", ""HC0231""]",17.135,2,5.0
sku-HC0100,Confirm the inactive range decision for eSalon Camo Mist Warm Auburn (HC0100),Confirm exit,Validate first,Needs context,"Source fields support a review; a single snapshot does not establish the cause, commercial feasibility or probability of success.","Inactive assortment status; channel revenue €3,661.17, market trend -6.7%. Status is not evidence of residual stock or a failed product.","Confirm why the product is inactive, its seasonal role and any remaining physical stock or shelf allocation. Inactive status alone does not justify markdown.",Category manager,Documented exit or retain decision; any clearance based on verified residual units.,,Not estimated,12 weeks,No defensible monetary estimate from the supplied data.,"[""An investigation is recommended; financial impact is not established.""]",[],"[""One 12-week aggregate and current status/stock fields; the period end and stock duration are not supplied."", ""Market revenue is a demand proxy, not a verified addressable sales pool.""]","[{""file"": ""sku_performance.csv"", ""record_id"": ""HC0100"", ""row_number"": 101}, {""file"": ""product_metadata.csv"", ""record_id"": ""HC0100"", ""row_number"": 101}]",[],HC0100,eSalon Camo Mist Warm Auburn,eSalon,Root Touch-Up,Auburn,Labo Natural,False,inaktiv,in_stock,Evergreen,60 ml,30.11,3661.17,144,0.31,-0.17,82156.82,-0.067,4.45631902500608,5.440241102241644,0.361,26,"[""HC0005"", ""HC0020"", ""HC0042"", ""HC0046"", ""HC0052"", ""HC0056"", ""HC0071"", ""HC0075"", ""HC0076"", ""HC0084"", ""HC0086"", ""HC0090"", ""HC0145"", ""HC0148"", ""HC0155"", ""HC0156"", ""HC0157"", ""HC0161"", ""HC0174"", ""HC0178"", ""HC0181"", ""HC0189"", ""HC0203"", ""HC0204"", ""HC0213"", ""HC0217""]",,0,10.0
sku-HC0168,Confirm the inactive range decision for Revlon Colorsilk Caramel Brown (HC0168),Confirm exit,Validate first,Needs context,"Source fields support a review; a single snapshot does not establish the cause, commercial feasibility or probability of success.","Inactive assortment status; channel revenue €4,748.17, market trend -44.7%. Status is not evidence of residual stock or a failed product.","Confirm why the product is inactive, its seasonal role and any remaining physical stock or shelf allocation. Inactive status alone does not justify markdown.",Category manager,Documented exit or retain decision; any clearance based on verified residual units.,,Not estimated,12 weeks,No defensible monetary estimate from the supplied data.,"[""An investigation is recommended; financial impact is not established.""]",[],"[""One 12-week aggregate and current status/stock fields; the period end and stock duration are not supplied."", ""Market revenue is a demand proxy, not a verified addressable sales pool.""]","[{""file"": ""sku_performance.csv"", ""record_id"": ""HC0168"", ""row_number"": 169}, {""file"": ""product_metadata.csv"", ""record_id"": ""HC0168"", ""row_number"": 169}, {""file"": ""competitor_market_signals.csv"", ""record_id"": ""CM022"", ""row_number"": 23}, {""file"": ""competitor_market_signals.csv"", ""record_id"": ""CM024"", ""row_number"": 25}]","[{""brand"": ""Arctic Fox"", ""name"": ""Arctic Fox Care Caramel Brown"", ""observed_date"": ""2026-07-01"", ""price_eur"": 23.89, ""record_id"": ""CM022"", ""signal_score_0_100"": 14.4, ""signal_valid"": true, ""source"": ""amazon.de"", ""trend_score_12w_pct"": 0.51}, {""brand"": ""Kristin Ess"", ""name"": ""Kristin Ess Gloss Hazelnut Brown"", ""observed_date"": ""2026-07-01"", ""price_eur"": 10.38, ""record_id"": ""CM024"", ""signal_score_0_100"": 13.0, ""signal_valid"": true, ""source"": ""flaconi.de"", ""trend_score_12w_pct"": 0.21}]",HC0168,Revlon Colorsilk Caramel Brown,Revlon,Permanent Color,Medium Brown,Coty DACH,False,inaktiv,low_stock,Evergreen,100 ml,8.5,4748.17,570,0.438,-0.368,79459.31,-0.447,5.975599335055892,7.216658873886855,0.391,50,"[""HC0001"", ""HC0008"", ""HC0011"", ""HC0013"", ""HC0015"", ""HC0017"", ""HC0018"", ""HC0025"", ""HC0028"", ""HC0032"", ""HC0037"", ""HC0040"", ""HC0041"", ""HC0048"", ""HC0049"", ""HC0051"", ""HC0064"", ""HC0083"", ""HC0094"", ""HC0096"", ""HC0099"", ""HC0105"", ""HC0106"", ""HC0110"", ""HC0112"", ""HC0120"", ""HC0123"", ""HC0131"", ""HC0132"", ""HC0142"", ""HC0146"", ""HC0159"", ""HC0167"", ""HC0170"", ""HC0172"", ""HC0176"", ""HC0177"", ""HC0179"", ""HC0182"", ""HC0184"", ""HC0190"", ""HC0191"", ""HC0195"", ""HC0201"", ""HC0206"", ""HC0207"", ""HC0211"", ""HC0212"", ""HC0222"", ""HC0231""]",17.135,2,8.0
sku-HC0169,Confirm the inactive range decision for ZenBeauty Private Label Root Fix Mulled Wine (HC0169),Confirm exit,Validate first,Needs context,"Source fields support a review; a single snapshot does not establish the cause, commercial feasibility or probability of success.","Inactive assortment status; channel revenue €3,073.09, market trend -26.2%. Status is not evidence of residual stock or a failed product.","Confirm why the product is inactive, its seasonal role and any remaining physical stock or shelf allocation. Inactive status alone does not justify markdown.",Category manager,Documented exit or retain decision; any clearance based on verified residual units.,,Not estimated,12 weeks,No defensible monetary estimate from the supplied data.,"[""An investigation is recommended; financial impact is not established.""]",[],"[""One 12-week aggregate and current status/stock fields; the period end and stock duration are not supplied."", ""Market revenue is a demand proxy, not a verified addressable sales pool."", ""Winter item: verify the selling calendar before promotion, reactivation or clearance; the performance-window end is unknown.""]","[{""file"": ""sku_performance.csv"", ""record_id"": ""HC0169"", ""row_number"": 170}, {""file"": ""product_metadata.csv"", ""record_id"": ""HC0169"", ""row_number"": 170}, {""file"": ""competitor_market_signals.csv"", ""record_id"": ""CM004"", ""row_number"": 5}, {""file"": ""competitor_market_signals.csv"", ""record_id"": ""CM007"", ""row_number"": 8}]","[{""brand"": ""Bleach London"", ""name"": ""Bleach London Super Cool Colour Icy Plum"", ""observed_date"": ""2026-07-01"", ""price_eur"": 8.99, ""record_id"": ""CM004"", ""signal_score_0_100"": 88.1, ""signal_valid"": true, ""source"": ""tiktok_shop_signal"", ""trend_score_12w_pct"": 0.49}, {""brand"": ""Bleach London"", ""name"": ""Bleach London Root Mulled Wine"", ""observed_date"": ""2026-07-01"", ""price_eur"": 8.26, ""record_id"": ""CM007"", ""signal_score_0_100"": 49.2, ""signal_valid"": true, ""source"": ""google_trends"", ""trend_score_12w_pct"": 0.039}]",HC0169,ZenBeauty Private Label Root Fix Mulled Wine,ZenBeauty Private Label,Semi-Permanent / Fashion Color,Winter,Own Brand Sourcing GmbH,True,inaktiv,in_stock,Winter,150 ml,4.17,3073.09,847,0.444,-0.086,79289.43,-0.262,3.8757877311011066,4.215972941094782,0.363,27,"[""HC0038"", ""HC0055"", ""HC0057"", ""HC0059"", ""HC0061"", ""HC0068"", ""HC0074"", ""HC0077"", ""HC0078"", ""HC0080"", ""HC0088"", ""HC0102"", ""HC0113"", ""HC0115"", ""HC0133"", ""HC0149"", ""HC0154"", ""HC0171"", ""HC0180"", ""HC0186"", ""HC0197"", ""HC0208"", ""HC0209"", ""HC0215"", ""HC0219"", ""HC0224"", ""HC0228""]",8.625,2,5.0
sku-HC0130,Confirm the inactive range decision for Kristin Ess Signature Gloss Cool Ash Blonde (HC0130),Confirm exit,Validate first,Needs context,"Source fields support a review; a single snapshot does not establish the cause, commercial feasibility or probability of success.","Inactive assortment status; channel revenue €3,526.94, market trend -28.6%. Status is not evidence of residual stock or a failed product.","Confirm why the product is inactive, its seasonal role and any remaining physical stock or shelf allocation. Inactive status alone does not justify markdown.",Category manager,Documented exit or retain decision; any clearance based on verified residual units.,,Not estimated,12 weeks,No defensible monetary estimate from the supplied data.,"[""An investigation is recommended; financial impact is not established.""]",[],"[""One 12-week aggregate and current status/stock fields; the period end and stock duration are not supplied."", ""Market revenue is a demand proxy, not a verified addressable sales pool.""]","[{""file"": ""sku_performance.csv"", ""record_id"": ""HC0130"", ""row_number"": 131}, {""file"": ""product_metadata.csv"", ""record_id"": ""HC0130"", ""row_number"": 131}, {""file"": ""competitor_market_signals.csv"", ""record_id"": ""CM053"", ""row_number"": 54}]","[{""brand"": ""Clairol"", ""name"": ""Clairol Color Cool Ash Blonde"", ""observed_date"": ""2026-07-01"", ""price_eur"": 16.97, ""record_id"": ""CM053"", ""signal_score_0_100"": 11.2, ""signal_valid"": true, ""source"": ""google_trends"", ""trend_score_12w_pct"": 0.011}]",HC0130,Kristin Ess Signature Gloss Cool Ash Blonde,Kristin Ess,Permanent Color,Ash Blonde,Henkel Beauty Care,False,inaktiv,in_stock,Evergreen,200 ml,25.26,3526.94,166,0.534,-0.361,72493.86,-0.286,4.865156856042705,7.216658873886855,0.391,50,"[""HC0001"", ""HC0008"", ""HC0011"", ""HC0013"", ""HC0015"", ""HC0017"", ""HC0018"", ""HC0025"", ""HC0028"", ""HC0032"", ""HC0037"", ""HC0040"", ""HC0041"", ""HC0048"", ""HC0049"", ""HC0051"", ""HC0064"", ""HC0083"", ""HC0094"", ""HC0096"", ""HC0099"", ""HC0105"", ""HC0106"", ""HC0110"", ""HC0112"", ""HC0120"", ""HC0123"", ""HC0131"", ""HC0132"", ""HC0142"", ""HC0146"", ""HC0159"", ""HC0167"", ""HC0170"", ""HC0172"", ""HC0176"", ""HC0177"", ""HC0179"", ""HC0182"", ""HC0184"", ""HC0190"", ""HC0191"", ""HC0195"", ""HC0201"", ""HC0206"", ""HC0207"", ""HC0211"", ""HC0212"", ""HC0222"", ""HC0231""]",16.97,1,5.0
sku-HC0092,Confirm the inactive range decision for Madison Reed Color Reviving Gloss Caramel Brown (HC0092),Confirm exit,Validate first,Needs context,"Source fields support a review; a single snapshot does not establish the cause, commercial feasibility or probability of success.","Inactive assortment status; channel revenue €3,307.78, market trend -1.7%. Status is not evidence of residual stock or a failed product.","Confirm why the product is inactive, its seasonal role and any remaining physical stock or shelf allocation. Inactive status alone does not justify markdown.",Category manager,Documented exit or retain decision; any clearance based on verified residual units.,,Not estimated,12 weeks,No defensible monetary estimate from the supplied data.,"[""An investigation is recommended; financial impact is not established.""]",[],"[""One 12-week aggregate and current status/stock fields; the period end and stock duration are not supplied."", ""Market revenue is a demand proxy, not a verified addressable sales pool.""]","[{""file"": ""sku_performance.csv"", ""record_id"": ""HC0092"", ""row_number"": 93}, {""file"": ""product_metadata.csv"", ""record_id"": ""HC0092"", ""row_number"": 93}, {""file"": ""competitor_market_signals.csv"", ""record_id"": ""CM022"", ""row_number"": 23}, {""file"": ""competitor_market_signals.csv"", ""record_id"": ""CM024"", ""row_number"": 25}]","[{""brand"": ""Arctic Fox"", ""name"": ""Arctic Fox Care Caramel Brown"", ""observed_date"": ""2026-07-01"", ""price_eur"": 23.89, ""record_id"": ""CM022"", ""signal_score_0_100"": 14.4, ""signal_valid"": true, ""source"": ""amazon.de"", ""trend_score_12w_pct"": 0.51}, {""brand"": ""Kristin Ess"", ""name"": ""Kristin Ess Gloss Hazelnut Brown"", ""observed_date"": ""2026-07-01"", ""price_eur"": 10.38, ""record_id"": ""CM024"", ""signal_score_0_100"": 13.0, ""signal_valid"": true, ""source"": ""flaconi.de"", ""trend_score_12w_pct"": 0.21}]",HC0092,Madison Reed Color Reviving Gloss Caramel Brown,Madison Reed,Permanent Color,Medium Brown,Labo Natural,False,inaktiv,low_stock,Evergreen,100 ml,34.09,3307.78,107,0.236,0.097,72345.19,-0.017,4.572218277400336,7.216658873886855,0.391,50,"[""HC0001"", ""HC0008"", ""HC0011"", ""HC0013"", ""HC0015"", ""HC0017"", ""HC0018"", ""HC0025"", ""HC0028"", ""HC0032"", ""HC0037"", ""HC0040"", ""HC0041"", ""HC0048"", ""HC0049"", ""HC0051"", ""HC0064"", ""HC0083"", ""HC0094"", ""HC0096"", ""HC0099"", ""HC0105"", ""HC0106"", ""HC0110"", ""HC0112"", ""HC0120"", ""HC0123"", ""HC0131"", ""HC0132"", ""HC0142"", ""HC0146"", ""HC0159"", ""HC0167"", ""HC0170"", ""HC0172"", ""HC0176"", ""HC0177"", ""HC0179"", ""HC0182"", ""HC0184"", ""HC0190"", ""HC0191"", ""HC0195"", ""HC0201"", ""HC0206"", ""HC0207"", ""HC0211"", ""HC0212"", ""HC0222"", ""HC0231""]",17.135,2,6.0
sku-HC0069,Confirm the inactive range decision for ZenBeauty Private Label Root Fix Dark Blonde (HC0069),Confirm exit,Validate first,Needs context,"Source fields support a review; a single snapshot does not establish the cause, commercial feasibility or probability of success.","Inactive assortment status; channel revenue €6,409.84, market trend -13.1%. Status is not evidence of residual stock or a failed product.","Confirm why the product is inactive, its seasonal role and any remaining physical stock or shelf allocation. Inactive status alone does not justify markdown.",Category manager,Documented exit or retain decision; any clearance based on verified residual units.,,Not estimated,12 weeks,No defensible monetary estimate from the supplied data.,"[""An investigation is recommended; financial impact is not established.""]",[],"[""One 12-week aggregate and current status/stock fields; the period end and stock duration are not supplied."", ""Market revenue is a demand proxy, not a verified addressable sales pool.""]","[{""file"": ""sku_performance.csv"", ""record_id"": ""HC0069"", ""row_number"": 70}, {""file"": ""product_metadata.csv"", ""record_id"": ""HC0069"", ""row_number"": 70}, {""file"": ""competitor_market_signals.csv"", ""record_id"": ""CM066"", ""row_number"": 67}]","[{""brand"": ""Manic Panic"", ""name"": ""Manic Panic Care Dark Blonde"", ""observed_date"": ""2026-07-01"", ""price_eur"": 7.4, ""record_id"": ""CM066"", ""signal_score_0_100"": 24.2, ""signal_valid"": true, ""source"": ""amazon.de"", ""trend_score_12w_pct"": 0.163}]",HC0069,ZenBeauty Private Label Root Fix Dark Blonde,ZenBeauty Private Label,Toner / Gloss,Blonde,Own Brand Sourcing GmbH,True,inaktiv,in_stock,Evergreen,200 ml,4.63,6409.84,1597,0.499,-0.288,57920.43,-0.131,11.066630548150282,5.1430535919575835,0.412,11,"[""HC0045"", ""HC0050"", ""HC0066"", ""HC0097"", ""HC0121"", ""HC0153"", ""HC0158"", ""HC0163"", ""HC0185"", ""HC0226"", ""HC0233""]",7.4,1,8.0
sku-HC0198,Confirm the inactive range decision for Crazy Color Semi Permanent Lavender Mist (HC0198),Confirm exit,Validate first,Needs context,"Source fields support a review; a single snapshot does not establish the cause, commercial feasibility or probability of success.","Inactive assortment status; channel revenue €5,745.04, market trend -8.1%. Status is not evidence of residual stock or a failed product.","Confirm why the product is inactive, its seasonal role and any remaining physical stock or shelf allocation. Inactive status alone does not justify markdown.",Category manager,Documented exit or retain decision; any clearance based on verified residual units.,,Not estimated,12 weeks,No defensible monetary estimate from the supplied data.,"[""An investigation is recommended; financial impact is not established.""]",[],"[""One 12-week aggregate and current status/stock fields; the period end and stock duration are not supplied."", ""Market revenue is a demand proxy, not a verified addressable sales pool.""]","[{""file"": ""sku_performance.csv"", ""record_id"": ""HC0198"", ""row_number"": 199}, {""file"": ""product_metadata.csv"", ""record_id"": ""HC0198"", ""row_number"": 199}, {""file"": ""competitor_market_signals.csv"", ""record_id"": ""CM048"", ""row_number"": 49}]","[{""brand"": ""dpHUE"", ""name"": ""dpHUE Permanent Pastel Pink"", ""observed_date"": ""2026-07-01"", ""price_eur"": 4.26, ""record_id"": ""CM048"", ""signal_score_0_100"": 98.1, ""signal_valid"": true, ""source"": ""google_trends"", ""trend_score_12w_pct"": 0.048}]",HC0198,Crazy Color Semi Permanent Lavender Mist,Crazy Color,Semi-Permanent / Fashion Color,Pastel,Henkel Beauty Care,False,inaktiv,in_stock,Evergreen,200 ml,5.52,5745.04,906,0.555,-0.034,53513.14,-0.081,10.735755741487043,4.215972941094782,0.363,27,"[""HC0038"", ""HC0055"", ""HC0057"", ""HC0059"", ""HC0061"", ""HC0068"", ""HC0074"", ""HC0077"", ""HC0078"", ""HC0080"", ""HC0088"", ""HC0102"", ""HC0113"", ""HC0115"", ""HC0133"", ""HC0149"", ""HC0154"", ""HC0171"", ""HC0180"", ""HC0186"", ""HC0197"", ""HC0208"", ""HC0209"", ""HC0215"", ""HC0219"", ""HC0224"", ""HC0228""]",4.26,1,6.0
sku-HC0039,Confirm the inactive range decision for ZenBeauty Private Label Root Fix Caramel Brown (HC0039),Confirm exit,Validate first,Needs context,"Source fields support a review; a single snapshot does not establish the cause, commercial feasibility or probability of success.","Inactive assortment status; channel revenue €3,337.31, market trend -18.7%. Status is not evidence of residual stock or a failed product.","Confirm why the product is inactive, its seasonal role and any remaining physical stock or shelf allocation. Inactive status alone does not justify markdown.",Category manager,Documented exit or retain decision; any clearance based on verified residual units.,,Not estimated,12 weeks,No defensible monetary estimate from the supplied data.,"[""An investigation is recommended; financial impact is not established.""]",[],"[""One 12-week aggregate and current status/stock fields; the period end and stock duration are not supplied."", ""Market revenue is a demand proxy, not a verified addressable sales pool.""]","[{""file"": ""sku_performance.csv"", ""record_id"": ""HC0039"", ""row_number"": 40}, {""file"": ""product_metadata.csv"", ""record_id"": ""HC0039"", ""row_number"": 40}, {""file"": ""competitor_market_signals.csv"", ""record_id"": ""CM070"", ""row_number"": 71}]","[{""brand"": ""Directions"", ""name"": ""Directions Care Chestnut Brown"", ""observed_date"": ""2026-07-01"", ""price_eur"": 25.87, ""record_id"": ""CM070"", ""signal_score_0_100"": 47.1, ""signal_valid"": true, ""source"": ""douglas.de"", ""trend_score_12w_pct"": -0.302}]",HC0039,ZenBeauty Private Label Root Fix Caramel Brown,ZenBeauty Private Label,Root Touch-Up,Medium Brown,Own Brand Sourcing GmbH,True,inaktiv,in_stock,Evergreen,60 ml,4.78,3337.31,800,0.546,-0.213,48743.45,-0.187,6.846684016006253,5.440241102241644,0.361,26,"[""HC0005"", ""HC0020"", ""HC0042"", ""HC0046"", ""HC0052"", ""HC0056"", ""HC0071"", ""HC0075"", ""HC0076"", ""HC0084"", ""HC0086"", ""HC0090"", ""HC0145"", ""HC0148"", ""HC0155"", ""HC0156"", ""HC0157"", ""HC0161"", ""HC0174"", ""HC0178"", ""HC0181"", ""HC0189"", ""HC0203"", ""HC0204"", ""HC0213"", ""HC0217""]",25.87,1,5.0
sku-HC0026,Confirm the inactive range decision for Arctic Fox Bleach Please Apricot Copper (HC0026),Confirm exit,Validate first,Needs context,"Source fields support a review; a single snapshot does not establish the cause, commercial feasibility or probability of success.","Inactive assortment status; channel revenue €2,850.49, market trend -27.1%. Status is not evidence of residual stock or a failed product.","Confirm why the product is inactive, its seasonal role and any remaining physical stock or shelf allocation. Inactive status alone does not justify markdown.",Category manager,Documented exit or retain decision; any clearance based on verified residual units.,,Not estimated,12 weeks,No defensible monetary estimate from the supplied data.,"[""An investigation is recommended; financial impact is not established.""]",[],"[""One 12-week aggregate and current status/stock fields; the period end and stock duration are not supplied."", ""Market revenue is a demand proxy, not a verified addressable sales pool.""]","[{""file"": ""sku_performance.csv"", ""record_id"": ""HC0026"", ""row_number"": 27}, {""file"": ""product_metadata.csv"", ""record_id"": ""HC0026"", ""row_number"": 27}, {""file"": ""competitor_market_signals.csv"", ""record_id"": ""CM047"", ""row_number"": 48}, {""file"": ""competitor_market_signals.csv"", ""record_id"": ""CM064"", ""row_number"": 65}, {""file"": ""competitor_market_signals.csv"", ""record_id"": ""CM067"", ""row_number"": 68}]","[{""brand"": ""John Frieda"", ""name"": ""John Frieda Gloss Copper Glow"", ""observed_date"": ""2026-07-01"", ""price_eur"": 11.54, ""record_id"": ""CM047"", ""signal_score_0_100"": 69.0, ""signal_valid"": true, ""source"": ""flaconi.de"", ""trend_score_12w_pct"": 0.557}, {""brand"": ""Goldwell"", ""name"": ""Goldwell Root Copper Glow"", ""observed_date"": ""2026-07-01"", ""price_eur"": 10.23, ""record_id"": ""CM064"", ""signal_score_0_100"": 32.6, ""signal_valid"": true, ""source"": ""dm.de"", ""trend_score_12w_pct"": -0.329}, {""brand"": ""Directions"", ""name"": ""Directions Permanent Apricot Copper"", ""observed_date"": ""2026-07-01"", ""price_eur"": 18.63, ""record_id"": ""CM067"", ""signal_score_0_100"": 48.9, ""signal_valid"": true, ""source"": ""flaconi.de"", ""trend_score_12w_pct"": 0.461}]",HC0026,Arctic Fox Bleach Please Apricot Copper,Arctic Fox,Root Touch-Up,Copper,Indie Color Imports,False,inaktiv,in_stock,Evergreen,1 kit,8.53,2850.49,322,0.322,-0.192,42458.73,-0.271,6.713554550501157,5.440241102241644,0.361,26,"[""HC0005"", ""HC0020"", ""HC0042"", ""HC0046"", ""HC0052"", ""HC0056"", ""HC0071"", ""HC0075"", ""HC0076"", ""HC0084"", ""HC0086"", ""HC0090"", ""HC0145"", ""HC0148"", ""HC0155"", ""HC0156"", ""HC0157"", ""HC0161"", ""HC0174"", ""HC0178"", ""HC0181"", ""HC0189"", ""HC0203"", ""HC0204"", ""HC0213"", ""HC0217""]",11.54,3,4.0
sku-HC0103,Confirm the inactive range decision for Arctic Fox Resurrected Almond Brown (HC0103),Confirm exit,Validate first,Needs context,"Source fields support a review; a single snapshot does not establish the cause, commercial feasibility or probability of success.","Inactive assortment status; channel revenue €1,778.31, market trend -3.8%. Status is not evidence of residual stock or a failed product.","Confirm why the product is inactive, its seasonal role and any remaining physical stock or shelf allocation. Inactive status alone does not justify markdown.",Category manager,Documented exit or retain decision; any clearance based on verified residual units.,,Not estimated,12 weeks,No defensible monetary estimate from the supplied data.,"[""An investigation is recommended; financial impact is not established.""]",[],"[""One 12-week aggregate and current status/stock fields; the period end and stock duration are not supplied."", ""Market revenue is a demand proxy, not a verified addressable sales pool.""]","[{""file"": ""sku_performance.csv"", ""record_id"": ""HC0103"", ""row_number"": 104}, {""file"": ""product_metadata.csv"", ""record_id"": ""HC0103"", ""row_number"": 104}]",[],HC0103,Arctic Fox Resurrected Almond Brown,Arctic Fox,Root Touch-Up,Light Brown,Coty DACH,False,inaktiv,in_stock,Evergreen,2 x 1 kit,9.49,1778.31,188,0.308,-0.15,34836.62,-0.038,5.104714521672882,5.440241102241644,0.361,26,"[""HC0005"", ""HC0020"", ""HC0042"", ""HC0046"", ""HC0052"", ""HC0056"", ""HC0071"", ""HC0075"", ""HC0076"", ""HC0084"", ""HC0086"", ""HC0090"", ""HC0145"", ""HC0148"", ""HC0155"", ""HC0156"", ""HC0157"", ""HC0161"", ""HC0174"", ""HC0178"", ""HC0181"", ""HC0189"", ""HC0203"", ""HC0204"", ""HC0213"", ""HC0217""]",,0,6.0
sku-HC0214,Confirm the inactive range decision for Kristin Ess Signature Gloss Mushroom Brown (HC0214),Confirm exit,Validate first,Needs context,"Source fields support a review; a single snapshot does not establish the cause, commercial feasibility or probability of success.","Inactive assortment status; channel revenue €1,569.69, market trend -29.0%. Status is not evidence of residual stock or a failed product.","Confirm why the product is inactive, its seasonal role and any remaining physical stock or shelf allocation. Inactive status alone does not justify markdown.",Category manager,Documented exit or retain decision; any clearance based on verified residual units.,,Not estimated,12 weeks,No defensible monetary estimate from the supplied data.,"[""An investigation is recommended; financial impact is not established.""]",[],"[""One 12-week aggregate and current status/stock fields; the period end and stock duration are not supplied."", ""Market revenue is a demand proxy, not a verified addressable sales pool.""]","[{""file"": ""sku_performance.csv"", ""record_id"": ""HC0214"", ""row_number"": 215}, {""file"": ""product_metadata.csv"", ""record_id"": ""HC0214"", ""row_number"": 215}]",[],HC0214,Kristin Ess Signature Gloss Mushroom Brown,Kristin Ess,Root Touch-Up,Light Brown,Beauty Direct EU,False,inaktiv,in_stock,Evergreen,200 ml,33.11,1569.69,41,0.434,-0.365,27458.02,-0.29,5.71669042414566,5.440241102241644,0.361,26,"[""HC0005"", ""HC0020"", ""HC0042"", ""HC0046"", ""HC0052"", ""HC0056"", ""HC0071"", ""HC0075"", ""HC0076"", ""HC0084"", ""HC0086"", ""HC0090"", ""HC0145"", ""HC0148"", ""HC0155"", ""HC0156"", ""HC0157"", ""HC0161"", ""HC0174"", ""HC0178"", ""HC0181"", ""HC0189"", ""HC0203"", ""HC0204"", ""HC0213"", ""HC0217""]",,0,4.0
sku-HC0183,Confirm the inactive range decision for Kristin Ess Signature Gloss Dark Blonde (HC0183),Confirm exit,Validate first,Needs context,"Source fields support a review; a single snapshot does not establish the cause, commercial feasibility or probability of success.","Inactive assortment status; channel revenue €1,825.90, market trend -21.5%. Status is not evidence of residual stock or a failed product.","Confirm why the product is inactive, its seasonal role and any remaining physical stock or shelf allocation. Inactive status alone does not justify markdown.",Category manager,Documented exit or retain decision; any clearance based on verified residual units.,,Not estimated,12 weeks,No defensible monetary estimate from the supplied data.,"[""An investigation is recommended; financial impact is not established.""]",[],"[""One 12-week aggregate and current status/stock fields; the period end and stock duration are not supplied."", ""Market revenue is a demand proxy, not a verified addressable sales pool.""]","[{""file"": ""sku_performance.csv"", ""record_id"": ""HC0183"", ""row_number"": 184}, {""file"": ""product_metadata.csv"", ""record_id"": ""HC0183"", ""row_number"": 184}, {""file"": ""competitor_market_signals.csv"", ""record_id"": ""CM009"", ""row_number"": 10}, {""file"": ""competitor_market_signals.csv"", ""record_id"": ""CM054"", ""row_number"": 55}, {""file"": ""competitor_market_signals.csv"", ""record_id"": ""CM056"", ""row_number"": 57}, {""file"": ""competitor_market_signals.csv"", ""record_id"": ""CM058"", ""row_number"": 59}]","[{""brand"": ""Crazy Color"", ""name"": ""Crazy Color Permanent Dark Blonde"", ""observed_date"": ""2026-07-01"", ""price_eur"": 29.23, ""record_id"": ""CM009"", ""signal_score_0_100"": 43.7, ""signal_valid"": true, ""source"": ""tiktok_shop_signal"", ""trend_score_12w_pct"": 0.628}, {""brand"": ""Manic Panic"", ""name"": ""Manic Panic Semi-Permanent Light Blonde"", ""observed_date"": ""2026-07-01"", ""price_eur"": 17.43, ""record_id"": ""CM054"", ""signal_score_0_100"": 67.6, ""signal_valid"": true, ""source"": ""amazon.de"", ""trend_score_12w_pct"": 0.387}, {""brand"": ""Revlon"", ""name"": ""Revlon Gloss Dark Blonde"", ""observed_date"": ""2026-07-01"", ""price_eur"": 16.14, ""record_id"": ""CM056"", ""signal_score_0_100"": 103.0, ""signal_valid"": false, ""source"": ""flaconi.de"", ""trend_score_12w_pct"": -0.309}, {""brand"": ""Wella"", ""name"": ""Wella Gloss Honey Blonde"", ""observed_date"": ""2026-07-01"", ""price_eur"": 23.49, ""record_id"": ""CM058"", ""signal_score_0_100"": 12.5, ""signal_valid"": true, ""source"": ""google_trends"", ""trend_score_12w_pct"": 0.236}]",HC0183,Kristin Ess Signature Gloss Dark Blonde,Kristin Ess,Permanent Color,Blonde,Coty DACH,False,inaktiv,in_stock,Evergreen,100 ml,19.51,1825.9,89,0.45,-0.071,23765.79,-0.215,7.682892089848475,7.216658873886855,0.391,50,"[""HC0001"", ""HC0008"", ""HC0011"", ""HC0013"", ""HC0015"", ""HC0017"", ""HC0018"", ""HC0025"", ""HC0028"", ""HC0032"", ""HC0037"", ""HC0040"", ""HC0041"", ""HC0048"", ""HC0049"", ""HC0051"", ""HC0064"", ""HC0083"", ""HC0094"", ""HC0096"", ""HC0099"", ""HC0105"", ""HC0106"", ""HC0110"", ""HC0112"", ""HC0120"", ""HC0123"", ""HC0131"", ""HC0132"", ""HC0142"", ""HC0146"", ""HC0159"", ""HC0167"", ""HC0170"", ""HC0172"", ""HC0176"", ""HC0177"", ""HC0179"", ""HC0182"", ""HC0184"", ""HC0190"", ""HC0191"", ""HC0195"", ""HC0201"", ""HC0206"", ""HC0207"", ""HC0211"", ""HC0212"", ""HC0222"", ""HC0231""]",20.46,4,8.0
sku-HC0087,Confirm the inactive range decision for Manic Panic High Voltage Sunlit Peach (HC0087),Confirm exit,Validate first,Needs context,"Source fields support a review; a single snapshot does not establish the cause, commercial feasibility or probability of success.","Inactive assortment status; channel revenue €2,049.07, market trend -13.2%. Status is not evidence of residual stock or a failed product.","Confirm why the product is inactive, its seasonal role and any remaining physical stock or shelf allocation. Inactive status alone does not justify markdown.",Category manager,Documented exit or retain decision; any clearance based on verified residual units.,,Not estimated,12 weeks,No defensible monetary estimate from the supplied data.,"[""An investigation is recommended; financial impact is not established.""]",[],"[""One 12-week aggregate and current status/stock fields; the period end and stock duration are not supplied."", ""Market revenue is a demand proxy, not a verified addressable sales pool."", ""Summer item: verify the selling calendar before promotion, reactivation or clearance; the performance-window end is unknown.""]","[{""file"": ""sku_performance.csv"", ""record_id"": ""HC0087"", ""row_number"": 88}, {""file"": ""product_metadata.csv"", ""record_id"": ""HC0087"", ""row_number"": 88}, {""file"": ""competitor_market_signals.csv"", ""record_id"": ""CM023"", ""row_number"": 24}]","[{""brand"": ""Wella"", ""name"": ""Wella Permanent Beach Blonde"", ""observed_date"": ""2026-07-01"", ""price_eur"": 25.41, ""record_id"": ""CM023"", ""signal_score_0_100"": 27.8, ""signal_valid"": true, ""source"": ""google_trends"", ""trend_score_12w_pct"": 0.251}]",HC0087,Manic Panic High Voltage Sunlit Peach,Manic Panic,Semi-Permanent / Fashion Color,Summer,Henkel Beauty Care,False,inaktiv,in_stock,Summer,1 kit,13.1,2049.07,162,0.49,-0.31,20859.05,-0.132,9.823409982717335,4.215972941094782,0.363,27,"[""HC0038"", ""HC0055"", ""HC0057"", ""HC0059"", ""HC0061"", ""HC0068"", ""HC0074"", ""HC0077"", ""HC0078"", ""HC0080"", ""HC0088"", ""HC0102"", ""HC0113"", ""HC0115"", ""HC0133"", ""HC0149"", ""HC0154"", ""HC0171"", ""HC0180"", ""HC0186"", ""HC0197"", ""HC0208"", ""HC0209"", ""HC0215"", ""HC0219"", ""HC0224"", ""HC0228""]",25.41,1,5.0
sku-HC0141,Confirm the inactive range decision for Kristin Ess Signature Gloss Pearl Blonde (HC0141),Confirm exit,Validate first,Needs context,"Source fields support a review; a single snapshot does not establish the cause, commercial feasibility or probability of success.","Inactive assortment status; channel revenue €518.65, market trend -21.0%. Status is not evidence of residual stock or a failed product.","Confirm why the product is inactive, its seasonal role and any remaining physical stock or shelf allocation. Inactive status alone does not justify markdown.",Category manager,Documented exit or retain decision; any clearance based on verified residual units.,,Not estimated,12 weeks,No defensible monetary estimate from the supplied data.,"[""An investigation is recommended; financial impact is not established.""]",[],"[""One 12-week aggregate and current status/stock fields; the period end and stock duration are not supplied."", ""Market revenue is a demand proxy, not a verified addressable sales pool.""]","[{""file"": ""sku_performance.csv"", ""record_id"": ""HC0141"", ""row_number"": 142}, {""file"": ""product_metadata.csv"", ""record_id"": ""HC0141"", ""row_number"": 142}]",[],HC0141,Kristin Ess Signature Gloss Pearl Blonde,Kristin Ess,Bleach / Lightener,Ash Blonde,Indie Color Imports,False,inaktiv,in_stock,Evergreen,150 ml,25.34,518.65,21,0.223,-0.386,19298.42,-0.21,2.6875257145403615,4.1587789050712445,0.46599999999999997,8,"[""HC0031"", ""HC0058"", ""HC0082"", ""HC0129"", ""HC0136"", ""HC0160"", ""HC0162"", ""HC0175""]",,0,8.0
sku-HC0173,Confirm the inactive range decision for ZenBeauty Private Label Gloss Lab Espresso Brown (HC0173),Confirm exit,Validate first,Needs context,"Source fields support a review; a single snapshot does not establish the cause, commercial feasibility or probability of success.","Inactive assortment status; channel revenue €909.57, market trend -5.9%. Status is not evidence of residual stock or a failed product.","Confirm why the product is inactive, its seasonal role and any remaining physical stock or shelf allocation. Inactive status alone does not justify markdown.",Category manager,Documented exit or retain decision; any clearance based on verified residual units.,,Not estimated,12 weeks,No defensible monetary estimate from the supplied data.,"[""An investigation is recommended; financial impact is not established.""]",[],"[""One 12-week aggregate and current status/stock fields; the period end and stock duration are not supplied."", ""Market revenue is a demand proxy, not a verified addressable sales pool.""]","[{""file"": ""sku_performance.csv"", ""record_id"": ""HC0173"", ""row_number"": 174}, {""file"": ""product_metadata.csv"", ""record_id"": ""HC0173"", ""row_number"": 174}, {""file"": ""competitor_market_signals.csv"", ""record_id"": ""CM017"", ""row_number"": 18}, {""file"": ""competitor_market_signals.csv"", ""record_id"": ""CM040"", ""row_number"": 41}]","[{""brand"": ""Herbatint"", ""name"": ""Herbatint Care Mocha Brown"", ""observed_date"": ""2026-07-01"", ""price_eur"": 6.45, ""record_id"": ""CM017"", ""signal_score_0_100"": 62.3, ""signal_valid"": true, ""source"": ""douglas.de"", ""trend_score_12w_pct"": 0.451}, {""brand"": ""eSalon"", ""name"": ""eSalon Gloss Espresso Brown"", ""observed_date"": ""2026-07-01"", ""price_eur"": 17.42, ""record_id"": ""CM040"", ""signal_score_0_100"": 9.9, ""signal_valid"": true, ""source"": ""google_trends"", ""trend_score_12w_pct"": 0.413}]",HC0173,ZenBeauty Private Label Gloss Lab Espresso Brown,ZenBeauty Private Label,Semi-Permanent / Fashion Color,Dark Brown,Own Brand Sourcing GmbH,True,inaktiv,in_stock,Evergreen,2 x 1 kit,6.02,909.57,135,0.582,0.061,16672.04,-0.059,5.455661094863016,4.215972941094782,0.363,27,"[""HC0038"", ""HC0055"", ""HC0057"", ""HC0059"", ""HC0061"", ""HC0068"", ""HC0074"", ""HC0077"", ""HC0078"", ""HC0080"", ""HC0088"", ""HC0102"", ""HC0113"", ""HC0115"", ""HC0133"", ""HC0149"", ""HC0154"", ""HC0171"", ""HC0180"", ""HC0186"", ""HC0197"", ""HC0208"", ""HC0209"", ""HC0215"", ""HC0219"", ""HC0224"", ""HC0228""]",11.935000000000002,2,4.0
sku-HC0009,Confirm the inactive range decision for John Frieda Go Blonder Light Golden Brown (HC0009),Confirm exit,Validate first,Needs context,"Source fields support a review; a single snapshot does not establish the cause, commercial feasibility or probability of success.","Inactive assortment status; channel revenue €23.32, market trend -46.4%. Status is not evidence of residual stock or a failed product.","Confirm why the product is inactive, its seasonal role and any remaining physical stock or shelf allocation. Inactive status alone does not justify markdown.",Category manager,Documented exit or retain decision; any clearance based on verified residual units.,,Not estimated,12 weeks,No defensible monetary estimate from the supplied data.,"[""An investigation is recommended; financial impact is not established.""]",[],"[""One 12-week aggregate and current status/stock fields; the period end and stock duration are not supplied."", ""Market revenue is a demand proxy, not a verified addressable sales pool.""]","[{""file"": ""sku_performance.csv"", ""record_id"": ""HC0009"", ""row_number"": 10}, {""file"": ""product_metadata.csv"", ""record_id"": ""HC0009"", ""row_number"": 10}]",[],HC0009,John Frieda Go Blonder Light Golden Brown,John Frieda,Permanent Color,Light Brown,Beauty Direct EU,False,inaktiv,in_stock,Evergreen,2 x 1 kit,17.17,23.32,1,0.541,-0.285,8468.33,-0.464,0.27537897082423574,7.216658873886855,0.391,50,"[""HC0001"", ""HC0008"", ""HC0011"", ""HC0013"", ""HC0015"", ""HC0017"", ""HC0018"", ""HC0025"", ""HC0028"", ""HC0032"", ""HC0037"", ""HC0040"", ""HC0041"", ""HC0048"", ""HC0049"", ""HC0051"", ""HC0064"", ""HC0083"", ""HC0094"", ""HC0096"", ""HC0099"", ""HC0105"", ""HC0106"", ""HC0110"", ""HC0112"", ""HC0120"", ""HC0123"", ""HC0131"", ""HC0132"", ""HC0142"", ""HC0146"", ""HC0159"", ""HC0167"", ""HC0170"", ""HC0172"", ""HC0176"", ""HC0177"", ""HC0179"", ""HC0182"", ""HC0184"", ""HC0190"", ""HC0191"", ""HC0195"", ""HC0201"", ""HC0206"", ""HC0207"", ""HC0211"", ""HC0212"", ""HC0222"", ""HC0231""]",,0,10.0
